,Shiller_Valuation,Yield_Curve_Inversion,Core_Inflation,Labor_Tightness,Economic_Activity,GSBLBR
1976-06-30,,,,,,
1976-07-31,,,,,,
1976-08-31,,,,,,
1976-09-30,,,,,,
1976-10-31,,,,,,
1976-11-30,,,,,,
1976-12-31,,,,,,
1977-01-31,,,,,,
1977-02-28,,,,,,
1977-03-31,,,,,,
1977-04-30,,,,,,
1977-05-31,,,,,,
1977-06-30,,,,,,
1977-07-31,,,,,,
1977-08-31,,,,,,
1977-09-30,,,,,,
1977-10-31,,,,,,
1977-11-30,,,,,,
1977-12-31,,,,,,
1978-01-31,,,,,,
1978-02-28,,,,,,
1978-03-31,,,,,,
1978-04-30,,,,,,
1978-05-31,,,,,,
1978-06-30,,,,,,
1978-07-31,,,,,,
1978-08-31,,,,,,
1978-09-30,,,,,,
1978-10-31,,,,,,
1978-11-30,,,,,,
1978-12-31,,,,,,
1979-01-31,,,,,,
1979-02-28,,,,,,
1979-03-31,,,,,,
1979-04-30,,,,,,
1979-05-31,,,,,,
1979-06-30,,,,,,
1979-07-31,,,,,,
1979-08-31,,,,,,
1979-09-30,,,,,,
1979-10-31,,,,,,
1979-11-30,,,,,,
1979-12-31,,,,,,
1980-01-31,,,,,,
1980-02-29,,,,,,
1980-03-31,,,,,,
1980-04-30,,,,,,
1980-05-31,,,,,,
1980-06-30,,,,,,
1980-07-31,,,,,,
1980-08-31,,,,,,
1980-09-30,,,,,,
1980-10-31,,,,,,
1980-11-30,,,,,,
1980-12-31,,,,,,
1981-01-31,,,,,,
1981-02-28,,,,,,
1981-03-31,,,,,,
1981-04-30,,,,,,
1981-05-31,93.33333333333333,90.83333333333333,66.66666666666666,25.0,41.66666666666667,63.5
1981-06-30,88.52459016393442,86.88524590163934,59.01639344262295,25.40983606557377,47.540983606557376,61.475409836065566
1981-07-31,87.09677419354838,93.54838709677419,77.41935483870968,40.32258064516129,67.74193548387096,73.2258064516129
1981-08-31,79.36507936507937,93.65079365079364,80.95238095238095,34.12698412698413,63.49206349206349,70.31746031746032
1981-09-30,68.75,85.9375,81.25,15.625,42.1875,58.75
1981-10-31,78.46153846153847,47.69230769230769,73.84615384615385,1.5384615384615385,33.84615384615385,47.07692307692308
1981-11-30,80.3030303030303,27.27272727272727,69.6969696969697,1.5151515151515151,16.666666666666664,39.09090909090908
1981-12-31,77.61194029850746,40.298507462686565,59.70149253731343,1.4925373134328357,10.44776119402985,37.910447761194035
1982-01-31,70.58823529411765,54.41176470588235,50.0,1.4705882352941175,7.352941176470589,36.76470588235294
1982-02-28,56.52173913043478,60.86956521739131,49.275362318840585,1.4492753623188406,15.942028985507244,36.811594202898554
1982-03-31,51.42857142857142,60.0,47.14285714285714,1.4285714285714286,11.428571428571429,34.28571428571428
1982-04-30,64.7887323943662,53.52112676056338,47.88732394366197,1.4084507042253522,9.859154929577464,35.49295774647887
1982-05-31,48.61111111111111,45.13888888888889,45.83333333333333,1.3888888888888888,5.555555555555555,29.30555555555555
1982-06-30,38.35616438356164,57.534246575342465,42.465753424657535,1.36986301369863,4.10958904109589,28.76712328767123
1982-07-31,28.37837837837838,29.72972972972973,37.83783783783784,1.3513513513513513,1.3513513513513513,19.729729729729733
1982-08-31,72.0,24.0,34.66666666666667,2.0,1.3333333333333335,26.800000000000004
1982-09-30,72.36842105263158,31.57894736842105,1.3157894736842104,1.3157894736842104,2.631578947368421,21.842105263157894
1982-10-31,89.6103896103896,22.07792207792208,1.2987012987012987,1.2987012987012987,2.5974025974025974,23.376623376623378
1982-11-30,96.15384615384616,24.358974358974358,1.282051282051282,1.282051282051282,6.41025641025641,25.8974358974359
1982-12-31,97.46835443037975,21.518987341772153,1.2658227848101267,1.89873417721519,8.860759493670885,26.20253164556962
1983-01-31,98.75,10.0,2.5,4.375,25.0,28.125
1983-02-28,100.0,20.98765432098765,1.2345679012345678,4.938271604938271,14.814814814814813,28.395061728395056
1983-03-31,100.0,30.48780487804878,3.6585365853658534,7.317073170731707,20.73170731707317,32.4390243902439
1983-04-30,100.0,22.289156626506024,1.2048192771084338,8.433734939759036,34.93975903614458,33.373493975903614
1983-05-31,98.80952380952381,29.761904761904763,1.1904761904761905,10.119047619047619,40.476190476190474,36.07142857142858
1983-06-30,100.0,32.94117647058823,1.1764705882352942,10.588235294117647,44.70588235294118,37.88235294117648
1983-07-31,96.51162790697676,33.13953488372093,1.1627906976744187,16.86046511627907,53.48837209302325,40.23255813953489
1983-08-31,96.55172413793103,28.735632183908045,1.1494252873563218,16.091954022988507,60.91954022988506,40.689655172413794
1983-09-30,97.72727272727273,22.727272727272727,4.545454545454546,20.454545454545457,79.54545454545455,45.0
1983-10-31,93.25842696629213,13.48314606741573,5.617977528089887,23.595505617977526,96.62921348314607,46.516853932584276
1983-11-30,94.44444444444444,20.555555555555554,8.88888888888889,26.111111111111114,100.0,50.0
1983-12-31,91.20879120879121,19.78021978021978,14.285714285714285,28.021978021978022,100.0,50.65934065934066
1984-01-31,90.21739130434783,17.391304347826086,15.217391304347828,29.347826086956523,100.0,50.43478260869565
1984-02-29,88.17204301075269,18.27956989247312,15.053763440860216,33.87096774193548,100.0,51.075268817204304
1984-03-31,88.29787234042553,24.46808510638298,17.02127659574468,34.04255319148936,98.93617021276596,52.5531914893617
1984-04-30,88.42105263157895,24.736842105263158,17.894736842105264,38.94736842105263,97.89473684210527,53.578947368421055
1984-05-31,79.16666666666666,28.645833333333332,19.791666666666664,56.25,95.83333333333334,55.9375
1984-06-30,82.4742268041237,42.2680412371134,20.618556701030926,61.34020618556701,93.81443298969072,60.103092783505154
1984-07-31,76.53061224489795,53.06122448979592,19.387755102040817,48.97959183673469,91.83673469387756,57.95918367346938
1984-08-31,89.8989898989899,55.55555555555556,21.21212121212121,48.98989898989899,81.81818181818183,59.494949494949495
1984-09-30,88.0,50.0,21.0,59.0,66.0,56.8
1984-10-31,87.12871287128714,39.603960396039604,16.831683168316832,55.940594059405946,59.4059405940594,51.78217821782179
1984-11-30,81.37254901960785,16.666666666666664,13.725490196078432,62.745098039215684,56.86274509803921,46.27450980392157
1984-12-31,84.46601941747572,1.9417475728155338,15.53398058252427,58.7378640776699,50.48543689320388,42.23300970873786
1985-01-31,93.26923076923077,7.6923076923076925,9.615384615384617,58.65384615384615,45.19230769230769,42.88461538461538
1985-02-28,94.28571428571428,8.571428571428571,14.285714285714285,63.33333333333333,42.857142857142854,44.66666666666667
1985-03-31,90.56603773584906,10.849056603773585,14.150943396226415,63.20754716981132,40.56603773584906,43.867924528301884
1985-04-30,88.78504672897196,2.803738317757009,11.214953271028037,57.476635514018696,39.25233644859813,39.90654205607477
1985-05-31,99.07407407407408,7.4074074074074066,10.185185185185185,63.42592592592593,37.03703703703704,43.42592592592593
1985-06-30,99.08256880733946,1.834862385321101,8.256880733944955,52.293577981651374,33.94495412844037,39.082568807339456
1985-07-31,96.36363636363636,2.727272727272727,7.2727272727272725,52.27272727272727,30.0,37.72727272727273
1985-08-31,90.990990990991,9.90990990990991,7.207207207207207,68.46846846846847,32.432432432432435,41.80180180180181
1985-09-30,83.92857142857143,6.25,6.25,68.30357142857143,35.714285714285715,40.089285714285715
1985-10-31,88.49557522123894,11.946902654867257,7.079646017699115,68.14159292035397,34.51327433628318,42.03539823008849
1985-11-30,100.0,20.614035087719298,12.280701754385964,70.17543859649122,35.08771929824561,47.631578947368425
1985-12-31,100.0,27.82608695652174,10.434782608695652,70.0,42.608695652173914,50.17391304347826
1986-01-31,99.13793103448276,24.568965517241377,14.655172413793101,75.86206896551724,44.827586206896555,51.810344827586206
1986-02-28,100.0,56.41025641025641,9.401709401709402,60.68376068376068,38.46153846153847,52.99145299145299
1986-03-31,100.0,53.38983050847458,7.627118644067797,60.59322033898306,30.508474576271187,50.42372881355932
1986-04-30,99.15966386554622,50.42016806722689,9.243697478991598,66.80672268907563,35.294117647058826,52.18487394957983
1986-05-31,100.0,47.083333333333336,5.833333333333333,60.0,35.833333333333336,49.75000000000001
1986-06-30,100.0,51.2396694214876,5.785123966942149,59.917355371900825,31.40495867768595,49.6694214876033
1986-07-31,95.90163934426229,42.21311475409836,8.19672131147541,70.49180327868852,43.44262295081967,52.049180327868854
1986-08-31,98.3739837398374,27.64227642276423,8.130081300813007,73.17073170731707,38.21138211382114,49.10569105691057
1986-09-30,94.35483870967742,25.0,14.516129032258066,69.75806451612904,37.096774193548384,48.14516129032258
1986-10-31,96.0,24.4,11.200000000000001,69.6,46.400000000000006,49.519999999999996
1986-11-30,96.03174603174604,32.53968253968254,5.555555555555555,73.4126984126984,46.82539682539682,50.873015873015866
1986-12-31,92.91338582677166,38.188976377952756,5.511811023622047,77.95275590551181,46.45669291338583,52.204724409448815
1987-01-31,100.0,39.84375,3.90625,77.734375,35.15625,51.328125
1987-02-28,100.0,40.69767441860465,3.875968992248062,77.51937984496125,52.71317829457365,54.96124031007753
1987-03-31,100.0,29.615384615384617,6.153846153846154,77.3076923076923,57.692307692307686,54.15384615384615
1987-04-30,98.47328244274809,42.36641221374045,9.16030534351145,82.06106870229007,58.778625954198475,58.167938931297705
1987-05-31,97.72727272727273,44.31818181818182,14.393939393939394,81.81818181818183,59.84848484848485,59.62121212121214
1987-06-30,100.0,36.84210526315789,11.278195488721805,84.58646616541353,68.42105263157895,60.22556390977443
1987-07-31,100.0,26.119402985074625,11.194029850746269,85.44776119402985,68.65671641791045,58.28358208955224
1987-08-31,100.0,26.296296296296294,9.62962962962963,88.14814814814815,76.29629629629629,60.074074074074076
1987-09-30,98.52941176470588,26.47058823529412,14.705882352941178,93.01470588235294,77.20588235294117,61.98529411764706
1987-10-31,83.94160583941606,10.948905109489052,20.437956204379564,87.22627737226277,81.75182481751825,56.86131386861314
1987-11-30,66.66666666666666,12.318840579710146,20.28985507246377,96.73913043478261,81.88405797101449,55.57971014492754
1987-12-31,79.13669064748201,25.179856115107913,20.14388489208633,98.56115107913669,79.85611510791367,60.57553956834532
1988-01-31,82.85714285714286,26.785714285714285,25.71428571428571,98.21428571428571,81.42857142857143,63.0
1988-02-29,84.39716312056737,28.723404255319153,24.822695035460992,97.87234042553192,75.88652482269504,62.34042553191489
1988-03-31,81.69014084507043,17.253521126760564,27.464788732394368,97.53521126760563,78.16901408450704,60.42253521126761
1988-04-30,81.81818181818183,18.181818181818183,24.475524475524477,100.0,76.22377622377621,60.13986013986014
1988-05-31,79.86111111111111,33.33333333333333,24.305555555555554,98.95833333333334,68.05555555555556,60.902777777777786
1988-06-30,84.13793103448276,48.96551724137931,32.41379310344827,99.6551724137931,64.82758620689654,66.0
1988-07-31,83.56164383561644,53.42465753424658,30.82191780821918,99.31506849315068,56.849315068493155,64.79452054794521
1988-08-31,72.78911564625851,59.523809523809526,29.931972789115648,97.27891156462584,55.10204081632652,62.92517006802721
1988-09-30,79.72972972972973,64.52702702702703,37.16216216216216,98.98648648648648,52.02702702702703,66.48648648648648
1988-10-31,83.89261744966443,66.10738255033557,33.557046979865774,98.65771812080537,48.99328859060403,66.24161073825505
1988-11-30,76.0,70.66666666666667,36.666666666666664,100.0,47.333333333333336,66.13333333333334
1988-12-31,76.82119205298014,74.17218543046357,38.41059602649007,99.66887417218543,46.35761589403973,67.08609271523179
1989-01-31,86.8421052631579,76.97368421052632,38.15789473684211,97.03947368421053,49.34210526315789,69.67105263157896
1989-02-28,83.66013071895425,79.73856209150327,39.21568627450981,100.0,42.48366013071895,69.01960784313727
1989-03-31,83.76623376623377,82.46753246753246,38.961038961038966,100.0,42.857142857142854,69.6103896103896
1989-04-30,87.74193548387098,78.06451612903226,32.25806451612903,99.03225806451613,38.70967741935484,67.16129032258064
1989-05-31,88.46153846153845,78.52564102564102,35.256410256410255,98.71794871794873,34.61538461538461,67.11538461538461
1989-06-30,87.26114649681529,71.3375796178344,35.03184713375796,96.81528662420382,31.84713375796178,64.45859872611464
1989-07-31,91.77215189873418,65.82278481012658,34.177215189873415,98.41772151898735,20.88607594936709,62.215189873417714
1989-08-31,92.45283018867924,77.04402515723271,27.67295597484277,98.11320754716981,25.78616352201258,64.21383647798743
1989-09-30,90.625,76.25,18.75,95.3125,25.624999999999996,61.3125
1989-10-31,86.95652173913044,69.56521739130434,24.84472049689441,95.03105590062113,19.875776397515526,59.25465838509317
1989-11-30,88.27160493827161,68.51851851851852,27.160493827160494,91.35802469135803,21.604938271604937,59.38271604938272
1989-12-31,88.95705521472392,69.93865030674846,29.447852760736197,91.1042944785276,22.085889570552148,60.30674846625766
1990-01-31,79.8780487804878,66.46341463414635,28.65853658536585,90.85365853658537,18.29268292682927,56.82926829268293
1990-02-28,80.0,69.0909090909091,38.78787878787879,94.84848484848484,29.09090909090909,62.36363636363636
1990-03-31,81.92771084337349,71.6867469879518,45.78313253012048,97.89156626506023,33.734939759036145,66.20481927710844
1990-04-30,75.44910179640718,68.562874251497,46.706586826347305,89.52095808383234,28.74251497005988,61.79640718562873
1990-05-31,85.71428571428571,66.07142857142857,44.642857142857146,89.28571428571429,41.07142857142857,65.35714285714286
1990-06-30,83.4319526627219,64.20118343195266,47.337278106508876,97.63313609467455,46.15384615384615,67.75147928994082
1990-07-31,81.76470588235294,55.58823529411765,50.0,85.29411764705883,49.411764705882355,64.41176470588236
1990-08-31,57.30994152046783,42.98245614035088,54.97076023391813,81.28654970760235,46.198830409356724,56.549707602339176
1990-09-30,50.0,41.56976744186046,55.23255813953488,74.4186046511628,48.25581395348838,53.895348837209305
1990-10-31,47.97687861271676,35.83815028901734,54.33526011560693,74.27745664739885,45.664739884393065,51.61849710982659
1990-11-30,56.32183908045977,46.839080459770116,52.29885057471264,64.9425287356322,22.988505747126435,48.678160919540225
1990-12-31,57.714285714285715,31.428571428571427,53.714285714285715,62.0,16.0,44.17142857142857
1991-01-31,66.47727272727273,27.84090909090909,56.25,59.09090909090909,17.613636363636363,45.45454545454545
1991-02-28,79.09604519774011,27.966101694915253,56.49717514124294,57.06214689265536,11.864406779661017,46.497175141242934
1991-03-31,80.89887640449437,24.15730337078652,50.56179775280899,54.21348314606742,8.98876404494382,43.764044943820224
1991-04-30,78.77094972067039,11.731843575418994,48.60335195530726,55.58659217877096,11.1731843575419,41.1731843575419
1991-05-31,83.88888888888889,5.555555555555555,47.77777777777778,51.66666666666667,13.333333333333334,40.44444444444445
1991-06-30,72.37569060773481,7.18232044198895,45.85635359116022,51.657458563535904,14.917127071823206,38.39779005524862
1991-07-31,79.67032967032966,5.21978021978022,42.30769230769231,54.395604395604394,16.483516483516482,39.61538461538462
1991-08-31,81.9672131147541,3.825136612021858,37.15846994535519,51.36612021857923,15.846994535519126,38.0327868852459
1991-09-30,75.0,3.260869565217391,36.41304347826087,51.358695652173914,19.021739130434785,37.01086956521739
1991-10-31,75.67567567567568,0.5405405405405406,25.945945945945947,47.2972972972973,22.702702702702705,34.432432432432435
1991-11-30,62.365591397849464,0.5376344086021506,30.107526881720432,47.31182795698925,32.25806451612903,34.516129032258064
1991-12-31,84.49197860962568,1.06951871657754,24.06417112299465,34.22459893048128,36.898395721925134,36.149732620320854
1992-01-31,77.6595744680851,0.5319148936170213,11.170212765957446,34.308510638297875,34.57446808510639,31.648936170212767
1992-02-29,78.3068783068783,1.3227513227513228,5.291005291005291,30.687830687830687,50.79365079365079,33.28042328042328
1992-03-31,68.94736842105263,2.368421052631579,6.842105263157896,30.789473684210527,61.05263157894737,34.0
1992-04-30,74.3455497382199,1.0471204188481675,6.806282722513089,30.89005235602094,62.30366492146597,35.07853403141361
1992-05-31,72.39583333333334,1.5625,7.8125,21.614583333333336,60.416666666666664,32.76041666666667
1992-06-30,63.730569948186535,0.5181347150259068,5.699481865284974,16.83937823834197,53.8860103626943,28.134715025906736
1992-07-31,72.68041237113401,1.0309278350515463,5.670103092783505,19.84536082474227,59.79381443298969,31.804123711340207
1992-08-31,61.53846153846154,0.5128205128205128,2.564102564102564,22.564102564102566,54.35897435897436,28.30769230769231
1992-09-30,61.224489795918366,0.5102040816326531,2.0408163265306123,22.70408163265306,51.02040816326531,27.5
1992-10-31,60.40609137055838,1.5228426395939088,3.5532994923857872,37.055837563451774,58.37563451776649,32.182741116751274
1992-11-30,67.67676767676768,3.535353535353535,3.0303030303030303,32.57575757575758,62.121212121212125,33.78787878787879
1992-12-31,67.8391959798995,4.773869346733668,2.512562814070352,32.663316582914575,65.32663316582915,34.62311557788945
1993-01-31,67.0,3.5000000000000004,3.5000000000000004,37.75,69.0,36.15
1993-02-28,68.1592039800995,5.970149253731343,6.467661691542288,47.76119402985074,66.66666666666666,39.004975124378106
1993-03-31,70.29702970297029,6.435643564356436,2.4752475247524752,51.23762376237624,62.37623762376238,38.56435643564356
1993-04-30,58.128078817733986,2.955665024630542,4.926108374384237,47.53694581280788,60.09852216748769,34.72906403940887
1993-05-31,62.745098039215684,9.313725490196079,3.9215686274509802,47.549019607843135,53.431372549019606,35.3921568627451
1993-06-30,59.512195121951216,10.0,3.902439024390244,51.707317073170735,55.1219512195122,36.048780487804876
1993-07-31,55.8252427184466,10.679611650485436,0.9708737864077669,56.310679611650485,49.029126213592235,34.56310679611651
1993-08-31,64.73429951690821,12.077294685990339,2.898550724637681,59.66183574879227,52.17391304347826,38.309178743961354
1993-09-30,57.692307692307686,13.461538461538462,2.403846153846154,61.53846153846154,55.28846153846154,38.07692307692308
1993-10-31,62.20095693779905,15.789473684210526,0.9569377990430622,59.33014354066985,57.41626794258373,39.13875598086124
1993-11-30,54.285714285714285,10.952380952380953,1.4285714285714286,63.57142857142857,58.0952380952381,37.66666666666667
1993-12-31,54.502369668246445,12.085308056872037,1.4218009478672986,64.92890995260665,61.61137440758294,38.90995260663508
1994-01-31,63.67924528301887,12.264150943396226,0.4716981132075472,63.20754716981132,60.37735849056604,40.0
1994-02-28,49.76525821596244,15.727699530516432,0.4694835680751174,63.14553990610329,55.39906103286385,36.901408450704224
1994-03-31,42.05607476635514,13.785046728971961,1.4018691588785046,65.18691588785047,64.95327102803739,37.476635514018696
1994-04-30,43.72093023255814,21.86046511627907,0.46511627906976744,66.27906976744185,66.97674418604652,39.860465116279066
1994-05-31,43.98148148148148,28.703703703703702,0.4629629629629629,72.68518518518519,72.22222222222221,43.61111111111111
1994-06-30,37.78801843317972,29.493087557603687,1.8433179723502304,72.58064516129032,76.036866359447,43.54838709677419
1994-07-31,41.74311926605505,30.73394495412844,2.293577981651376,72.47706422018348,74.77064220183486,44.40366972477064
1994-08-31,47.03196347031963,39.49771689497717,1.82648401826484,75.34246575342466,79.90867579908677,48.721461187214615
1994-09-30,40.0,40.68181818181818,4.090909090909091,79.54545454545455,79.54545454545455,48.77272727272727
1994-10-31,43.89140271493213,42.98642533936652,2.7149321266968327,82.80542986425338,79.63800904977376,50.40723981900452
1994-11-30,36.93693693693694,63.288288288288285,1.8018018018018018,87.61261261261262,81.53153153153153,54.234234234234236
1994-12-31,37.219730941704036,73.31838565022422,0.4484304932735426,88.56502242152466,86.09865470852019,57.13004484304933
1995-01-31,38.392857142857146,69.41964285714286,4.464285714285714,87.05357142857143,82.58928571428571,56.38392857142857
1995-02-28,45.33333333333333,66.66666666666666,5.333333333333334,91.33333333333333,81.77777777777779,58.08888888888888
1995-03-31,48.23008849557522,67.69911504424779,5.3097345132743365,91.1504424778761,73.89380530973452,57.25663716814158
1995-04-30,50.22026431718062,63.65638766519823,8.81057268722467,80.83700440528634,65.63876651982379,53.83259911894273
1995-05-31,58.333333333333336,67.10526315789474,7.017543859649122,86.18421052631578,65.78947368421053,56.8859649122807
1995-06-30,62.00873362445415,66.5938864628821,6.550218340611353,86.02620087336244,63.75545851528385,56.98689956331879
1995-07-31,71.73913043478261,59.130434782608695,6.521739130434782,82.82608695652173,60.43478260869565,56.13043478260869
1995-08-31,68.3982683982684,66.01731601731602,6.493506493506493,82.68398268398268,64.06926406926407,57.532467532467535
1995-09-30,77.58620689655173,70.25862068965517,6.4655172413793105,85.99137931034483,65.08620689655173,61.077586206896555
1995-10-31,74.2489270386266,66.52360515021459,9.871244635193133,87.98283261802575,58.36909871244635,59.39914163090128
1995-11-30,82.90598290598291,68.16239316239316,8.547008547008547,85.47008547008546,55.55555555555556,60.128205128205124
1995-12-31,84.68085106382979,68.08510638297872,8.51063829787234,85.31914893617021,46.38297872340426,58.59574468085107
1996-01-31,88.5593220338983,56.99152542372882,5.084745762711865,85.16949152542372,40.25423728813559,55.21186440677966
1996-02-29,88.18565400843882,56.118143459915615,3.79746835443038,87.9746835443038,58.22784810126582,58.86075949367089
1996-03-31,86.5546218487395,59.03361344537815,2.941176470588235,87.81512605042016,54.20168067226891,58.109243697478995
1996-04-30,88.70292887029288,57.32217573221757,0.8368200836820083,84.30962343096235,63.59832635983263,58.95397489539748
1996-05-31,89.16666666666667,57.91666666666667,1.25,84.16666666666667,64.58333333333334,59.41666666666667
1996-06-30,88.38174273858921,57.26141078838174,1.2448132780082988,95.4356846473029,69.70954356846472,62.40663900414937
1996-07-31,74.79338842975206,58.057851239669425,1.2396694214876034,87.39669421487604,74.79338842975206,59.25619834710743
1996-08-31,78.18930041152264,56.99588477366255,0.823045267489712,99.58847736625515,65.02057613168725,60.12345679012346
1996-09-30,88.11475409836066,56.9672131147541,1.639344262295082,97.74590163934425,67.21311475409836,62.33606557377048
1996-10-31,90.20408163265307,57.55102040816327,0.40816326530612246,97.55102040816327,70.61224489795919,63.26530612244899
1996-11-30,95.1219512195122,63.41463414634146,0.8130081300813009,90.04065040650406,77.23577235772358,65.32520325203252
1996-12-31,93.11740890688259,59.91902834008097,2.42914979757085,89.87854251012146,79.75708502024291,65.02024291497976
1997-01-31,96.37096774193549,57.45967741935484,0.4032258064516129,94.15322580645162,87.5,67.1774193548387
1997-02-28,95.98393574297188,63.65461847389559,0.4016064257028112,97.38955823293173,83.13253012048193,68.1124497991968
1997-03-31,91.2,63.6,0.4,97.2,88.4,68.16000000000001
1997-04-30,95.2191235059761,66.93227091633466,3.187250996015936,99.40239043824701,81.27490039840637,69.20318725099602
1997-05-31,96.82539682539682,65.07936507936508,1.984126984126984,100.0,78.96825396825396,68.57142857142858
1997-06-30,98.41897233201581,66.99604743083005,0.3952569169960474,99.40711462450594,77.07509881422925,68.45849802371542
1997-07-31,100.0,74.01574803149606,0.39370078740157477,99.80314960629921,85.8267716535433,72.00787401574803
1997-08-31,97.25490196078431,71.37254901960785,0.39215686274509803,100.0,88.23529411764706,71.45098039215686
1997-09-30,98.828125,73.046875,0.390625,99.21875,89.84375,72.265625
1997-10-31,96.49805447470817,75.4863813229572,0.7782101167315175,100.0,94.94163424124513,73.54085603112841
1997-11-30,98.06201550387597,77.71317829457365,0.3875968992248062,100.0,94.18604651162791,74.06976744186046
1997-12-31,98.06949806949807,78.57142857142857,1.1583011583011582,99.42084942084942,92.27799227799228,73.8996138996139
1998-01-31,97.6923076923077,74.8076923076923,1.153846153846154,99.8076923076923,94.23076923076923,73.53846153846153
1998-02-28,100.0,80.26819923371647,1.1494252873563218,99.61685823754789,86.97318007662835,73.60153256704982
1998-03-31,100.0,80.1526717557252,1.1450381679389312,98.47328244274809,82.06106870229007,72.36641221374046
1998-04-30,99.61977186311786,77.9467680608365,0.38022813688212925,100.0,85.17110266159695,72.62357414448668
1998-05-31,98.86363636363636,81.43939393939394,1.1363636363636365,99.62121212121212,85.22727272727273,73.25757575757576
1998-06-30,99.24528301886792,83.20754716981132,1.8867924528301887,99.24528301886792,73.9622641509434,71.50943396226414
1998-07-31,98.1203007518797,81.76691729323309,1.8796992481203008,99.06015037593986,59.77443609022557,68.1203007518797
1998-08-31,87.26591760299625,75.09363295880149,5.992509363295881,98.87640449438202,71.91011235955057,67.82771535580524
1998-09-30,91.04477611940298,75.0,4.850746268656716,97.57462686567165,60.447761194029844,65.78358208955224
1998-10-31,94.79553903345726,56.877323420074354,1.858736059479554,98.69888475836431,57.62081784386617,61.97026022304833
1998-11-30,97.03703703703704,72.96296296296296,5.185185185185185,99.44444444444444,52.22222222222223,65.37037037037037
1998-12-31,99.2619926199262,75.64575645756457,7.011070110701106,99.2619926199262,52.767527675276746,66.78966789667898
1999-01-31,100.0,78.67647058823529,5.147058823529411,99.81617647058823,52.57352941176471,67.24264705882352
1999-02-28,98.16849816849816,73.26007326007326,0.7326007326007326,98.71794871794873,56.41025641025641,65.45787545787546
1999-03-31,98.90510948905109,70.43795620437956,0.36496350364963503,100.0,57.299270072992705,65.4014598540146
1999-04-30,99.63636363636364,69.63636363636364,2.181818181818182,99.27272727272727,56.36363636363636,65.41818181818182
1999-05-31,97.46376811594203,71.19565217391305,0.7246376811594203,99.81884057971014,56.15942028985508,65.07246376811594
1999-06-30,99.27797833935018,69.31407942238266,0.36101083032490977,98.73646209386283,61.371841155234655,65.81227436823106
1999-07-31,96.40287769784173,68.5251798561151,1.079136690647482,98.56115107913669,72.3021582733813,67.37410071942446
1999-08-31,93.9068100358423,70.78853046594982,0.35842293906810035,99.6415770609319,54.83870967741935,63.906810035842284
1999-09-30,91.42857142857143,69.82142857142857,1.4285714285714286,99.46428571428572,50.71428571428571,62.57142857142857
1999-10-31,94.30604982206405,71.17437722419929,2.491103202846975,100.0,56.22775800711744,64.83985765124554
1999-11-30,95.0354609929078,73.75886524822694,1.4184397163120568,99.822695035461,62.4113475177305,66.48936170212767
1999-12-31,98.93992932862191,72.08480565371025,0.35335689045936397,100.0,66.78445229681978,67.63250883392226
2000-01-31,92.6056338028169,80.45774647887323,3.169014084507042,99.82394366197182,58.098591549295776,66.83098591549295
2000-02-29,89.47368421052632,85.43859649122807,4.912280701754386,98.94736842105263,56.14035087719298,66.98245614035088
2000-03-31,96.85314685314685,90.55944055944056,11.538461538461538,99.65034965034964,57.34265734265735,71.18881118881119
2000-04-30,92.33449477351915,90.2439024390244,8.362369337979095,100.0,61.672473867595826,70.5226480836237
2000-05-31,88.54166666666666,89.23611111111111,10.76388888888889,99.13194444444444,57.291666666666664,68.99305555555556
2000-06-30,90.3114186851211,88.92733564013841,14.53287197231834,98.96193771626297,57.785467128027676,70.1038062283737
2000-07-31,86.55172413793103,87.58620689655172,13.10344827586207,98.79310344827587,50.3448275862069,67.27586206896552
2000-08-31,91.06529209621993,90.20618556701031,15.807560137457044,97.07903780068729,43.29896907216495,67.4914089347079
2000-09-30,84.24657534246576,85.61643835616438,14.383561643835616,99.65753424657534,51.369863013698634,67.05479452054794
2000-10-31,83.61774744027304,85.32423208191126,14.334470989761092,99.48805460750853,35.49488054607509,63.6518771331058
2000-11-30,75.51020408163265,83.6734693877551,17.687074829931973,99.31972789115646,32.31292517006803,61.70068027210884
2000-12-31,74.23728813559322,80.0,15.593220338983052,99.15254237288136,24.06779661016949,58.610169491525426
2001-01-31,77.36486486486487,49.49324324324324,15.54054054054054,94.25675675675676,19.93243243243243,51.31756756756757
2001-02-28,56.22895622895623,52.52525252525253,20.875420875420875,94.10774410774411,14.47811447811448,47.64309764309765
2001-03-31,37.58389261744966,42.4496644295302,17.449664429530202,92.11409395973155,12.751677852348994,40.46979865771812
2001-04-30,53.51170568561873,26.254180602006688,19.39799331103679,90.3010033444816,9.03010033444816,39.69899665551839
2001-05-31,51.33333333333333,20.0,15.0,92.0,7.666666666666666,37.199999999999996
2001-06-30,40.863787375415285,20.59800664451827,21.262458471760798,88.37209302325581,5.980066445182724,35.41528239202658
2001-07-31,37.74834437086093,17.218543046357617,20.86092715231788,86.75496688741721,4.966887417218543,33.50993377483444
2001-08-31,27.722772277227726,20.2970297029703,19.141914191419144,83.993399339934,5.6105610561056105,31.353135313531357
2001-09-30,21.710526315789476,7.236842105263158,18.421052631578945,82.89473684210526,4.276315789473684,26.9078947368421
2001-10-31,22.295081967213115,6.557377049180328,18.360655737704917,76.72131147540983,4.590163934426229,25.704918032786885
2001-11-30,27.450980392156865,5.88235294117647,22.875816993464053,69.28104575163398,3.594771241830065,25.816993464052285
2001-12-31,27.68729641693811,5.211726384364821,23.12703583061889,62.37785016286645,3.908794788273615,24.462540716612377
2002-01-31,25.324675324675322,7.142857142857142,17.20779220779221,62.33766233766234,6.8181818181818175,23.766233766233764
2002-02-28,23.948220064724918,7.766990291262135,15.210355987055015,62.297734627831716,9.385113268608414,23.721682847896442
2002-03-31,26.129032258064516,9.193548387096774,11.29032258064516,62.25806451612903,11.935483870967742,24.161290322580648
2002-04-30,21.221864951768488,7.395498392282958,12.861736334405144,56.430868167202576,14.790996784565916,22.540192926045016
2002-05-31,20.192307692307693,7.852564102564102,14.743589743589745,59.294871794871796,18.58974358974359,24.134615384615387
2002-06-30,15.974440894568689,5.7507987220447285,7.0287539936102235,59.26517571884984,30.35143769968051,23.6741214057508
2002-07-31,6.687898089171974,1.910828025477707,5.095541401273886,59.23566878980891,35.03184713375796,21.592356687898086
2002-08-31,6.666666666666667,5.555555555555555,10.476190476190476,62.698412698412696,35.23809523809524,24.126984126984127
2002-09-30,0.6329113924050633,8.069620253164556,6.962025316455696,62.65822784810127,38.924050632911396,23.449367088607595
2002-10-31,3.1545741324921135,2.2082018927444795,5.047318611987381,62.618296529968454,39.74763406940063,22.555205047318612
2002-11-30,8.80503144654088,4.40251572327044,1.257861635220126,55.34591194968554,51.257861635220124,24.21383647798742
2002-12-31,2.19435736677116,2.664576802507837,1.2539184952978055,51.88087774294671,46.08150470219436,20.815047021943577
2003-01-31,1.5625,2.03125,0.9375,58.90625000000001,47.5,22.1875
2003-02-28,0.9345794392523363,4.049844236760125,0.3115264797507788,55.295950155763244,48.90965732087228,21.90031152647975
2003-03-31,1.8633540372670807,1.2422360248447204,0.3105590062111801,55.27950310559007,38.50931677018634,19.440993788819878
2003-04-30,5.572755417956656,1.238390092879257,0.30959752321981426,51.39318885448917,30.340557275541798,17.770897832817337
2003-05-31,11.11111111111111,7.098765432098765,0.6172839506172839,48.91975308641975,26.543209876543212,18.858024691358025
2003-06-30,11.692307692307692,3.6923076923076925,0.3076923076923077,45.84615384615385,19.692307692307693,16.246153846153845
2003-07-31,13.803680981595093,0.3067484662576687,0.9202453987730062,47.69938650306749,24.233128834355828,17.392638036809817
2003-08-31,14.984709480122325,0.9174311926605505,0.3058103975535168,49.235474006116206,23.24159021406728,17.737003058103976
2003-09-30,13.109756097560975,1.524390243902439,0.3048780487804878,49.23780487804878,30.48780487804878,18.93292682926829
2003-10-31,18.84498480243161,1.21580547112462,0.60790273556231,52.12765957446809,32.82674772036474,21.124620060790278
2003-11-30,19.090909090909093,3.939393939393939,0.30303030303030304,60.0,33.63636363636363,23.393939393939394
2003-12-31,22.9607250755287,2.1148036253776437,0.3021148036253776,64.04833836858006,38.368580060422964,25.558912386706947
2004-01-31,23.795180722891565,3.1626506024096384,0.9036144578313252,64.00602409638554,32.831325301204814,24.939759036144576
2004-02-29,24.624624624624623,3.003003003003003,1.2012012012012012,68.61861861861863,37.23723723723724,26.936936936936934
2004-03-31,21.856287425149702,5.389221556886228,3.592814371257485,59.4311377245509,36.52694610778443,25.35928143712575
2004-04-30,20.8955223880597,6.4179104477611935,4.179104477611941,68.65671641791045,43.88059701492537,28.80597014925373
2004-05-31,21.726190476190478,9.523809523809524,3.869047619047619,68.60119047619048,52.976190476190474,31.339285714285715
2004-06-30,22.255192878338278,13.204747774480714,5.044510385756676,68.5459940652819,42.433234421364986,30.29673590504451
2004-07-31,18.34319526627219,15.236686390532544,4.437869822485207,72.0414201183432,45.562130177514796,31.124260355029588
2004-08-31,17.99410029498525,16.519174041297934,3.8348082595870205,75.36873156342183,49.557522123893804,32.65486725663717
2004-09-30,18.823529411764707,20.147058823529413,6.764705882352941,75.29411764705883,42.35294117647059,32.67647058823529
2004-10-31,19.941348973607038,20.821114369501466,7.624633431085044,71.5542521994135,51.90615835777126,34.369501466275665
2004-11-30,23.391812865497073,24.707602339181285,12.573099415204677,75.29239766081871,46.198830409356724,36.432748538011694
2004-12-31,26.53061224489796,30.75801749271137,15.451895043731778,75.21865889212827,55.97667638483965,40.78717201166181
2005-01-31,22.674418604651162,45.78488372093023,15.11627906976744,79.21511627906976,57.26744186046512,44.01162790697674
2005-02-28,25.217391304347824,49.56521739130435,17.101449275362317,74.92753623188406,58.550724637681164,45.072463768115945
2005-03-31,21.965317919075144,51.87861271676301,18.20809248554913,82.22543352601156,61.27167630057804,47.10982658959537
2005-04-30,18.155619596541786,57.49279538904899,11.815561959654179,82.13256484149855,59.0778097982709,45.73487031700288
2005-05-31,22.126436781609197,66.52298850574712,11.781609195402298,84.19540229885058,52.87356321839081,47.5
2005-06-30,20.916905444126073,70.63037249283668,8.30945558739255,84.9570200573066,65.61604584527221,50.08595988538682
2005-07-31,25.142857142857146,71.85714285714285,9.714285714285714,84.85714285714285,54.85714285714286,49.285714285714285
2005-08-31,23.36182336182336,75.21367521367522,10.826210826210826,86.03988603988604,57.83475783475783,50.655270655270655
2005-09-30,23.579545454545457,75.71022727272727,6.25,84.51704545454545,34.94318181818182,45.0
2005-10-31,19.8300283286119,75.21246458923513,9.34844192634561,84.41926345609065,37.6770538243626,45.297450424929174
2005-11-30,24.576271186440678,81.07344632768361,10.734463276836157,84.32203389830508,48.0225988700565,49.7457627118644
2005-12-31,23.943661971830984,83.94366197183099,10.704225352112676,86.05633802816901,42.816901408450704,49.49295774647887
2006-01-31,27.808988764044944,83.70786516853933,10.674157303370785,87.5,40.73033707865169,50.08426966292135
2006-02-28,27.450980392156865,86.69467787114846,10.364145658263306,86.69467787114846,35.01400560224089,49.2436974789916
2006-03-31,28.212290502793298,81.42458100558659,10.335195530726256,87.43016759776536,37.988826815642454,49.07821229050279
2006-04-30,28.969359331476323,72.84122562674095,19.77715877437326,87.3259052924791,39.83286908077994,49.749303621169915
2006-05-31,22.77777777777778,79.02777777777777,23.055555555555557,88.75,38.611111111111114,50.44444444444444
2006-06-30,21.60664819944598,83.5180055401662,31.57894736842105,88.64265927977839,36.56509695290859,52.38227146814404
2006-07-31,22.375690607734807,81.9060773480663,33.14917127071823,86.74033149171271,40.88397790055249,53.01104972375691
2006-08-31,25.068870523415974,84.57300275482093,36.63911845730027,86.63911845730028,41.32231404958678,54.84848484848485
2006-09-30,29.120879120879124,85.02747252747253,37.91208791208791,90.24725274725274,62.91208791208791,61.043956043956044
2006-10-31,31.506849315068493,85.34246575342466,34.52054794520548,91.64383561643835,47.397260273972606,58.08219178082193
2006-11-30,31.967213114754102,87.70491803278688,29.508196721311474,89.89071038251366,33.87978142076503,54.59016393442623
2006-12-31,32.42506811989101,85.55858310626702,29.427792915531338,91.55313351498637,38.96457765667575,55.585831062670295
2007-01-31,33.42391304347826,85.46195652173914,32.065217391304344,87.63586956521739,33.96739130434783,54.51086956521739
2007-02-28,31.43631436314363,84.28184281842819,34.68834688346883,89.56639566395664,43.63143631436314,56.72086720867209
2007-03-31,31.62162162162162,78.24324324324324,24.594594594594597,91.48648648648648,42.972972972972975,53.78378378378379
2007-04-30,34.23180592991914,79.91913746630728,21.563342318059302,89.21832884097036,49.865229110512125,54.95956873315364
2007-05-31,36.55913978494624,82.39247311827957,18.010752688172044,91.39784946236558,51.075268817204304,55.88709677419355
2007-06-30,34.584450402144775,72.11796246648794,13.136729222520108,86.59517426273459,46.11260053619303,50.50938337801608
2007-07-31,32.0855614973262,68.71657754010695,13.101604278074866,84.22459893048129,45.18716577540107,48.663101604278076
2007-08-31,32.800000000000004,62.8,9.866666666666667,86.53333333333333,41.333333333333336,46.66666666666667
2007-09-30,35.37234042553192,50.13297872340425,10.372340425531915,83.9095744680851,47.340425531914896,45.42553191489361
2007-10-31,36.339522546419104,54.11140583554377,13.262599469496022,83.81962864721486,44.03183023872679,46.312997347480106
2007-11-30,32.01058201058201,38.75661375661375,21.164021164021165,83.73015873015873,53.96825396825397,45.92592592592593
2007-12-31,30.87071240105541,36.01583113456465,23.7467018469657,78.89182058047494,39.31398416886543,41.76781002638522
2008-01-31,20.263157894736842,18.552631578947366,25.263157894736842,78.8157894736842,41.31578947368421,36.8421052631579
2008-02-29,14.960629921259844,12.598425196850393,20.209973753280842,80.83989501312337,27.034120734908136,31.128608923884514
2008-03-31,14.397905759162304,13.612565445026178,22.774869109947645,76.8324607329843,23.036649214659686,30.130890052356023
2008-04-30,20.365535248041773,19.843342036553523,20.10443864229765,78.59007832898173,14.621409921671018,30.704960835509137
2008-05-31,23.4375,21.614583333333336,21.09375,67.44791666666666,11.71875,29.0625
2008-06-30,8.831168831168831,22.987012987012985,23.376623376623375,60.129870129870135,11.168831168831169,25.298701298701296
2008-07-31,7.253886010362693,20.33678756476684,25.906735751295333,51.554404145077726,10.621761658031089,23.134715025906736
2008-08-31,9.30232558139535,20.41343669250646,27.131782945736433,41.86046511627907,5.426356589147287,20.826873385012924
2008-09-30,2.0618556701030926,13.402061855670103,25.0,41.881443298969074,0.25773195876288657,16.52061855670103
2008-10-31,0.2570694087403599,1.7994858611825193,15.681233933161954,35.98971722365039,1.0282776349614395,10.951156812339331
2008-11-30,0.2564102564102564,11.538461538461538,7.179487179487179,31.92307692307692,0.2564102564102564,10.23076923076923
2008-12-31,0.5115089514066496,19.82097186700767,4.3478260869565215,19.437340153452684,0.2557544757033248,8.87468030690537
2009-01-31,0.25510204081632654,11.607142857142858,3.316326530612245,8.418367346938775,0.25510204081632654,4.770408163265306
2009-02-28,0.2544529262086514,9.414758269720101,5.343511450381679,6.615776081424936,0.2544529262086514,4.376590330788804
2009-03-31,0.5076142131979695,13.19796954314721,5.0761421319796955,5.583756345177665,0.25380710659898476,4.9238578680203045
2009-04-30,1.0126582278481013,5.189873417721519,6.8354430379746836,4.936708860759493,0.25316455696202533,3.645569620253165
2009-05-31,1.7676767676767675,0.7575757575757576,5.808080808080808,4.040404040404041,0.25252525252525254,2.525252525252525
2009-06-30,2.0151133501259446,2.518891687657431,4.030226700251889,3.6523929471032743,0.2518891687657431,2.4937027707808563
2009-07-31,2.512562814070352,3.015075376884422,3.015075376884422,3.7688442211055273,1.256281407035176,2.7135678391959797
2009-08-31,2.756892230576441,2.380952380952381,2.0050125313283207,3.3834586466165413,2.0050125313283207,2.506265664160401
2009-09-30,3.0,3.75,2.75,3.0,4.0,3.3
2009-10-31,2.9925187032418954,0.997506234413965,4.987531172069826,2.7431421446384037,2.9925187032418954,2.942643391521197
2009-11-30,3.9800995024875623,0.9950248756218906,5.223880597014925,2.9850746268656714,5.472636815920398,3.7313432835820897
2009-12-31,5.2109181141439205,0.24813895781637718,7.196029776674938,3.101736972704715,12.158808933002481,5.583126550868487
2010-01-31,3.7128712871287126,0.24752475247524752,2.9702970297029703,3.8366336633663365,29.950495049504948,8.143564356435643
2010-02-28,5.432098765432099,0.49382716049382713,1.9753086419753085,3.950617283950617,38.51851851851852,10.074074074074073
2010-03-31,7.8817733990147785,0.24630541871921183,0.9852216748768473,3.201970443349754,66.50246305418719,15.763546798029557
2010-04-30,10.319410319410318,0.9828009828009828,0.2457002457002457,3.3169533169533167,77.64127764127764,18.501228501228503
2010-05-31,4.6568627450980395,2.083333333333333,0.24509803921568626,5.392156862745098,93.38235294117648,21.151960784313726
2010-06-30,3.1784841075794623,5.745721271393643,0.4889975550122249,6.968215158924205,96.08801955990221,22.493887530562347
2010-07-31,6.341463414634147,5.2439024390243905,0.7317073170731708,7.073170731707316,92.4390243902439,22.365853658536587
2010-08-31,3.64963503649635,13.62530413625304,0.24330900243309003,6.204379562043796,89.29440389294405,22.603406326034065
2010-09-30,8.009708737864079,12.257281553398059,0.24271844660194172,6.310679611650485,83.49514563106796,22.063106796116507
2010-10-31,11.864406779661017,7.506053268765134,0.24213075060532688,7.627118644067797,79.41888619854721,21.331719128329297
2010-11-30,11.83574879227053,6.038647342995169,0.4830917874396135,4.4685990338164245,76.32850241545893,19.830917874396132
2010-12-31,20.722891566265062,1.566265060240964,0.48192771084337355,8.795180722891565,81.44578313253012,22.602409638554217
2011-01-31,23.317307692307693,0.2403846153846154,2.403846153846154,9.375,68.75,20.817307692307693
2011-02-28,29.73621103117506,1.1990407673860912,3.117505995203837,9.832134292565947,61.63069544364509,21.103117505995204
2011-03-31,29.1866028708134,2.3923444976076556,3.827751196172249,9.92822966507177,64.83253588516746,22.033492822966508
2011-04-30,34.60620525059666,1.7899761336515514,5.011933174224343,9.427207637231504,58.47255369928401,21.861575178997615
2011-05-31,31.9047619047619,2.857142857142857,5.714285714285714,10.238095238095237,42.142857142857146,18.571428571428573
2011-06-30,28.028503562945367,1.3064133016627077,7.8384798099762465,9.501187648456057,42.99287410926366,17.93349168646081
2011-07-31,23.459715639810426,5.33175355450237,9.47867298578199,10.545023696682465,44.54976303317535,18.67298578199052
2011-08-31,15.839243498817968,15.130023640661939,13.947990543735225,10.638297872340425,49.881796690307326,21.087470449172578
2011-09-30,7.547169811320755,22.641509433962266,14.150943396226415,10.731132075471699,43.39622641509434,19.693396226415096
2011-10-31,19.294117647058822,18.352941176470587,18.11764705882353,12.117647058823529,58.11764705882353,25.2
2011-11-30,18.544600938967136,20.774647887323944,19.718309859154928,12.793427230046946,56.33802816901409,25.633802816901408
2011-12-31,19.672131147540984,23.185011709601874,26.46370023419204,13.348946135831383,50.585480093676814,26.65105386416862
2012-01-31,25.934579439252335,23.481308411214954,26.635514018691588,14.13551401869159,60.046728971962615,30.046728971962615
2012-02-29,35.1981351981352,22.843822843822846,20.51282051282051,14.219114219114218,68.06526806526807,32.167832167832174
2012-03-31,38.372093023255815,19.186046511627907,24.418604651162788,14.883720930232558,49.53488372093023,29.27906976744186
2012-04-30,38.05104408352668,23.08584686774942,28.538283062645007,14.965197215777263,62.87703016241299,33.50348027842227
2012-05-31,24.76851851851852,32.29166666666667,24.537037037037038,15.046296296296296,64.12037037037037,32.15277777777778
2012-06-30,32.5635103926097,31.639722863741337,21.939953810623557,15.1270207852194,59.815242494226325,32.21709006928406
2012-07-31,34.7926267281106,33.525345622119815,17.972350230414747,15.207373271889402,57.83410138248848,31.866359447004605
2012-08-31,37.47126436781609,31.264367816091955,12.643678160919542,15.862068965517242,41.14942528735632,27.678160919540232
2012-09-30,39.44954128440367,29.357798165137616,14.220183486238533,17.545871559633028,41.284403669724774,28.371559633027523
2012-10-31,37.07093821510298,29.40503432494279,14.187643020594965,17.620137299771166,36.38443935926773,26.933638443935926
2012-11-30,36.986301369863014,30.93607305936073,12.785388127853881,19.406392694063925,41.78082191780822,28.378995433789953
2012-12-31,37.58542141230068,25.626423690205012,12.072892938496583,16.287015945330296,37.357630979498865,25.78587699316629
2013-01-31,42.5,21.59090909090909,12.272727272727273,16.022727272727273,31.363636363636367,24.750000000000007
2013-02-28,43.31065759637188,23.46938775510204,14.73922902494331,19.841269841269842,33.33333333333333,26.938775510204085
2013-03-31,45.248868778280546,23.755656108597282,11.76470588235294,23.52941176470588,45.022624434389144,29.86425339366516
2013-04-30,46.95259593679458,28.103837471783294,9.029345372460497,21.44469525959368,34.537246049661405,28.01354401805869
2013-05-31,47.52252252252252,19.594594594594593,7.657657657657657,23.76126126126126,33.108108108108105,26.328828828828826
2013-06-30,46.29213483146067,12.247191011235955,7.640449438202247,23.820224719101123,35.28089887640449,25.0561797752809
2013-07-31,49.55156950672646,9.080717488789238,8.295964125560538,29.260089686098656,29.596412556053814,25.156950672645742
2013-08-31,47.20357941834452,6.7114093959731544,10.961968680089486,31.991051454138702,41.83445190156599,27.74049217002237
2013-09-30,48.88392857142857,8.816964285714286,10.267857142857142,32.03125,51.33928571428571,30.267857142857146
2013-10-31,51.67037861915368,10.579064587973273,8.240534521158128,32.071269487750556,44.097995545657014,29.331848552338535
2013-11-30,54.0,4.777777777777778,10.222222222222223,39.0,41.77777777777778,29.955555555555556
2013-12-31,56.31929046563193,2.882483370288248,9.977827050997783,42.23946784922395,41.019955654102,30.487804878048784
2014-01-31,51.54867256637168,8.517699115044246,7.52212389380531,43.584070796460175,35.84070796460177,29.402654867256633
2014-02-28,56.07064017660044,8.609271523178808,7.06401766004415,42.16335540838852,39.29359823399559,30.640176600441503
2014-03-31,56.38766519823789,10.352422907488986,8.370044052863436,42.180616740088105,49.77973568281938,33.414096916299556
2014-04-30,56.7032967032967,12.087912087912088,13.186813186813188,48.79120879120879,54.065934065934066,36.96703296703297
2014-05-31,58.333333333333336,15.789473684210526,15.789473684210526,47.25877192982456,57.23684210526315,38.881578947368425
2014-06-30,59.51859956236324,16.411378555798688,15.098468271334792,50.54704595185996,58.64332603938731,40.0437636761488
2014-07-31,57.64192139737992,16.593886462882097,13.537117903930133,48.799126637554586,64.8471615720524,40.28384279475982
2014-08-31,61.00217864923747,21.67755991285403,10.457516339869281,50.65359477124183,55.55555555555556,39.869281045751634
2014-09-30,58.26086956521739,19.021739130434785,10.869565217391305,56.19565217391305,53.04347826086957,39.47826086956521
2014-10-31,60.30368763557483,22.885032537960953,13.449023861171366,62.68980477223427,54.66377440347071,42.79826464208243
2014-11-30,64.06926406926407,25.108225108225106,11.255411255411255,59.19913419913419,59.09090909090909,43.74458874458874
2014-12-31,62.20302375809935,30.021598272138228,7.775377969762419,66.73866090712744,55.93952483801296,44.535637149028084
2015-01-31,57.11206896551724,39.87068965517241,8.189655172413794,62.60775862068966,48.922413793103445,43.34051724137932
2015-02-28,64.51612903225806,34.623655913978496,9.247311827956988,69.78494623655914,29.03225806451613,41.44086021505377
2015-03-31,59.65665236051502,34.227467811158796,12.446351931330472,73.068669527897,18.88412017167382,39.656652360515025
2015-04-30,60.38543897216274,31.798715203426127,14.346895074946467,73.01927194860814,16.488222698072803,39.20770877944325
2015-05-31,61.32478632478633,29.273504273504276,12.606837606837606,66.34615384615384,13.675213675213676,36.64529914529915
2015-06-30,57.14285714285714,24.84008528784648,13.646055437100213,76.54584221748401,11.727078891257996,36.78038379530916
2015-07-31,58.93617021276596,28.936170212765955,15.53191489361702,79.04255319148936,13.404255319148936,39.17021276595745
2015-08-31,49.89384288747346,32.27176220806794,16.13588110403397,80.89171974522293,13.588110403397028,38.55626326963907
2015-09-30,47.24576271186441,33.686440677966104,17.16101694915254,82.52118644067797,11.228813559322035,38.36864406779661
2015-10-31,55.81395348837209,34.143763213530654,17.758985200845668,82.4524312896406,10.359408033826638,40.10570824524313
2015-11-30,54.85232067510548,39.13502109704641,20.88607594936709,80.48523206751055,7.172995780590717,40.50632911392405
2015-12-31,51.368421052631575,41.1578947368421,22.736842105263158,82.42105263157895,6.526315789473684,40.84210526315789
2016-01-31,46.21848739495798,41.806722689075634,26.680672268907564,85.50420168067227,9.453781512605042,41.9327731092437
2016-02-29,45.70230607966457,50.524109014675055,30.398322851153043,84.38155136268344,9.853249475890985,44.17190775681341
2016-03-31,51.04602510460251,46.02510460251046,26.569037656903767,82.00836820083683,8.786610878661087,42.887029288702934
2016-04-30,50.52192066805845,45.61586638830898,27.55741127348643,79.74947807933194,11.691022964509393,43.027139874739035
2016-05-31,52.708333333333336,50.10416666666667,32.083333333333336,85.52083333333333,12.291666666666666,46.54166666666667
2016-06-30,51.975051975051976,52.80665280665281,33.056133056133056,84.1995841995842,15.384615384615385,47.484407484407484
2016-07-31,57.26141078838174,56.63900414937759,28.21576763485477,85.47717842323651,12.863070539419086,48.09128630705394
2016-08-31,55.90062111801242,56.935817805383024,35.81780538302277,83.9544513457557,13.043478260869565,49.130434782608695
2016-09-30,54.33884297520662,54.958677685950406,34.29752066115703,81.30165289256198,14.256198347107437,47.83057851239669
2016-10-31,50.30927835051546,49.072164948453604,29.896907216494846,83.91752577319588,16.49484536082474,45.9381443298969
2016-11-30,55.96707818930041,38.58024691358025,26.543209876543212,87.24279835390946,17.48971193415638,45.16460905349794
2016-12-31,58.31622176591375,38.91170431211499,29.568788501026695,87.16632443531827,22.176591375770023,47.227926078028744
2017-01-31,59.83606557377049,38.52459016393443,32.17213114754098,87.09016393442623,19.4672131147541,47.41803278688525
2017-02-28,66.66666666666666,42.84253578732106,31.28834355828221,89.57055214723927,19.836400817995912,50.040899795501026
2017-03-31,65.3061224489796,43.36734693877551,21.63265306122449,93.36734693877551,27.755102040816325,50.28571428571429
2017-04-30,66.39511201629328,48.37067209775967,16.4969450101833,93.27902240325867,33.401221995926676,51.588594704684326
2017-05-31,67.88617886178862,52.03252032520326,10.569105691056912,93.1910569105691,37.60162601626016,52.25609756097562
2017-06-30,67.74847870182555,52.02839756592292,8.924949290060852,95.03042596348884,34.07707910750507,51.56186612576065
2017-07-31,71.45748987854252,50.91093117408907,8.502024291497975,94.93927125506073,30.971659919028337,51.35627530364373
2017-08-31,69.4949494949495,57.47474747474748,8.282828282828284,92.72727272727272,29.292929292929294,51.45454545454545
2017-09-30,73.38709677419355,54.53629032258065,7.056451612903227,94.85887096774194,30.846774193548388,52.13709677419356
2017-10-31,76.45875251509054,58.04828973843058,13.480885311871226,96.37826961770624,45.271629778672036,57.92756539235412
2017-11-30,79.71887550200803,61.44578313253012,11.44578313253012,96.285140562249,56.827309236947784,61.14457831325301
2017-12-31,80.16032064128257,66.03206412825652,14.228456913827655,97.39478957915831,47.89579158316633,61.14228456913828
2018-01-31,85.0,63.2,17.599999999999998,98.4,52.400000000000006,63.32000000000001
2018-02-28,80.23952095808383,61.876247504990026,17.16566866267465,97.1057884231537,62.4750499001996,63.77245508982037
2018-03-31,75.0996015936255,67.43027888446214,27.091633466135455,98.30677290836654,60.1593625498008,65.61752988047809
2018-04-30,73.35984095427436,68.19085487077535,28.429423459244536,98.2107355864811,60.834990059642145,65.8051689860835
2018-05-31,75.9920634920635,69.64285714285714,36.904761904761905,99.90079365079364,44.047619047619044,65.29761904761904
2018-06-30,75.84158415841584,73.46534653465346,33.86138613861387,97.92079207920791,53.663366336633665,66.95049504950495
2018-07-31,80.8300395256917,74.1106719367589,36.16600790513834,99.80237154150198,60.67193675889329,70.31620553359684
2018-08-31,82.64299802761342,76.33136094674556,26.627218934911244,99.70414201183432,72.38658777120315,71.53846153846153
2018-09-30,82.08661417322834,76.27952755905511,31.496062992125985,100.0,72.04724409448819,72.38188976377953
2018-10-31,67.38703339882122,74.4597249508841,27.111984282907663,99.41060903732809,56.385068762278976,64.950884086444
2018-11-30,70.0,77.54901960784314,32.35294117647059,99.31372549019608,52.156862745098046,66.27450980392157
2018-12-31,48.7279843444227,77.49510763209393,34.63796477495107,98.23874755381604,48.53228962818004,61.52641878669275
2019-01-31,60.546875,78.80859375,30.078125,96.6796875,38.671875,60.95703125
2019-02-28,65.69200779727096,77.29044834307992,27.680311890838205,99.22027290448344,30.214424951267056,60.019493177387915
2019-03-31,67.70428015564202,80.6420233463035,23.151750972762645,99.12451361867704,26.459143968871597,59.416342412451364
2019-04-30,75.14563106796116,75.53398058252428,24.660194174757283,99.90291262135922,17.864077669902912,58.62135922330096
2019-05-31,56.58914728682171,78.29457364341084,20.73643410852713,100.0,21.705426356589147,55.46511627906976
2019-06-30,71.1798839458414,74.85493230174082,23.984526112185687,99.90328820116055,18.95551257253385,57.77562862669246
2019-07-31,71.81467181467181,81.08108108108108,30.30888030888031,99.42084942084942,16.216216216216218,59.768339768339764
2019-08-31,63.58381502890174,86.60886319845858,40.655105973025044,99.8073217726397,16.377649325626205,61.40655105973025
2019-09-30,65.96153846153847,84.61538461538461,40.96153846153846,100.0,14.23076923076923,61.15384615384615
2019-10-31,69.86564299424184,78.69481765834932,41.26679462571977,99.52015355086372,11.324376199616124,60.13435700575815
2019-11-30,75.86206896551724,78.63984674329501,42.1455938697318,99.42528735632183,13.218390804597702,61.85823754789271
2019-12-31,78.58508604206502,70.65009560229446,39.19694072657744,99.33078393881452,11.854684512428298,59.92351816443595
2020-01-31,77.48091603053436,78.05343511450383,38.93129770992366,99.23664122137404,12.022900763358779,61.145038167938935
2020-02-29,54.85714285714286,73.14285714285714,42.66666666666667,99.90476190476191,16.761904761904763,57.466666666666676
2020-03-31,38.02281368821293,64.44866920152091,24.714828897338403,87.3574144486692,4.752851711026616,43.85931558935361
2020-04-30,50.094876660341555,66.22390891840607,4.364326375711575,0.18975332068311196,0.18975332068311196,24.212523719165084
2020-05-31,56.25,63.4469696969697,3.2196969696969697,0.3787878787878788,0.3787878787878788,24.734848484848484
2020-06-30,58.22306238185255,63.232514177693766,3.0245746691871456,0.5671077504725899,2.2684310018903595,25.46313799621928
2020-07-31,70.56603773584905,66.32075471698113,6.981132075471698,1.9811320754716981,3.9622641509433962,29.96226415094339
2020-08-31,81.92090395480226,59.792843691148775,11.11111111111111,11.864406779661017,4.143126177024483,33.76647834274952
2020-09-30,72.36842105263158,60.6203007518797,11.090225563909774,15.88345864661654,4.887218045112782,32.96992481203007
2020-10-31,61.350844277673545,55.34709193245778,8.25515947467167,34.146341463414636,6.941838649155723,33.208255159474675
2020-11-30,82.39700374531836,57.11610486891385,8.98876404494382,37.265917602996254,6.5543071161048685,38.46441947565543
2020-12-31,85.42056074766356,52.71028037383177,8.037383177570094,37.28971962616822,10.093457943925234,38.71028037383178
2021-01-31,82.83582089552239,44.776119402985074,4.664179104477612,40.67164179104478,14.738805970149254,37.53731343283582
2021-02-28,84.91620111731844,33.98510242085661,3.910614525139665,43.575418994413404,5.58659217877095,34.394785847299815
2021-03-31,87.9182156133829,24.25650557620818,9.293680297397769,45.353159851301115,32.342007434944236,39.83271375464684
2021-04-30,89.6103896103896,27.087198515769945,58.8126159554731,45.36178107606679,100.0,64.17439703153988
2021-05-31,89.25925925925927,29.35185185185185,66.66666666666666,53.148148148148145,99.81481481481481,67.64814814814815
2021-06-30,90.0184842883549,37.985212569316076,74.67652495378928,50.27726432532348,97.59704251386322,70.11090573012939
2021-07-31,90.7749077490775,42.71217712177122,71.77121771217713,65.95940959409594,81.91881918819189,70.62730627306274
2021-08-31,91.16022099447514,41.06813996316759,67.21915285451196,73.38858195211786,72.19152854511971,69.00552486187846
2021-09-30,87.68382352941177,36.029411764705884,68.38235294117648,81.34191176470588,59.19117647058824,66.52573529411765
2021-10-31,90.64220183486239,42.11009174311926,78.34862385321101,85.59633027522936,66.23853211009174,72.58715596330276
2021-11-30,89.74358974358975,50.27472527472527,82.05128205128204,92.85714285714286,68.86446886446886,76.75824175824177
2021-12-31,91.40767824497257,54.47897623400365,85.37477148080438,95.88665447897623,45.155393053016454,74.46069469835466
2022-01-31,87.22627737226277,59.854014598540154,86.4963503649635,94.25182481751825,34.67153284671533,72.5
2022-02-28,84.15300546448088,70.67395264116576,89.43533697632058,95.81056466302368,81.4207650273224,84.29872495446266
2022-03-31,86.0,85.63636363636363,89.45454545454545,98.0909090909091,59.09090909090909,83.65454545454546
2022-04-30,72.59528130671507,78.31215970961888,86.7513611615245,98.00362976406534,57.71324863883848,78.67513611615246
2022-05-31,69.92753623188406,72.01086956521739,85.86956521739131,99.0036231884058,40.76086956521739,73.51449275362319
2022-06-30,48.282097649186255,85.08137432188066,85.53345388788426,98.91500904159132,33.634719710669074,70.28933092224231
2022-07-31,64.98194945848375,92.7797833935018,85.37906137184116,99.81949458483754,31.40794223826715,74.87364620938628
2022-08-31,52.972972972972975,93.6036036036036,87.92792792792793,98.64864864864865,32.072072072072075,73.04504504504504
2022-09-30,39.568345323741006,94.06474820143885,89.568345323741,99.73021582733813,49.10071942446043,74.40647482014387
2022-10-31,47.217235188509875,94.3447037701975,87.79174147217235,98.38420107719928,32.49551166965889,72.04667863554758
2022-11-30,54.83870967741935,97.4910394265233,85.12544802867383,98.29749103942652,24.372759856630825,72.02508960573476
2022-12-31,43.29159212880143,95.25939177101968,84.25760286225402,99.6422182468694,20.930232558139537,68.67620751341681
2023-01-31,51.964285714285715,97.14285714285714,83.57142857142857,99.55357142857143,25.71428571428571,71.58928571428572
2023-02-28,45.98930481283423,98.3957219251337,83.42245989304813,97.86096256684492,22.816399286987522,69.6969696969697
2023-03-31,51.06761565836299,95.2846975088968,83.80782918149467,99.4661921708185,22.24199288256228,70.37366548042704
2023-04-30,52.39786856127886,95.47069271758437,83.30373001776199,100.0,22.912966252220247,70.8170515097691
2023-05-31,51.59574468085106,97.69503546099291,82.26950354609929,97.4290780141844,22.163120567375884,70.23049645390071
2023-06-30,62.83185840707964,98.93805309734513,78.58407079646018,97.34513274336283,20.17699115044248,71.57522123893806
2023-07-31,69.96466431095406,98.58657243816255,76.85512367491167,99.20494699646643,22.791519434628977,73.48056537102474
2023-08-31,62.08112874779541,97.2663139329806,70.72310405643739,95.326278659612,22.92768959435626,69.66490299823633
2023-09-30,50.176056338028175,92.95774647887323,67.25352112676056,95.24647887323944,22.887323943661972,65.70422535211267
2023-10-31,43.936731107205624,89.98242530755711,66.25659050966608,92.53075571177504,20.913884007029875,62.72407732864675
2023-11-30,59.29824561403508,91.9298245614035,65.96491228070175,95.17543859649122,24.385964912280702,67.35087719298245
2023-12-31,70.05253940455341,91.68126094570928,63.92294220665499,93.6952714535902,31.873905429071804,70.24518388791594
2024-01-31,72.37762237762237,90.9090909090909,63.46153846153846,95.1048951048951,18.356643356643357,68.04195804195804
2024-02-29,79.9301919720768,92.05933682373472,62.478184991274,91.97207678883072,22.68760907504363,69.82547993019196
2024-03-31,82.75261324041811,91.98606271777004,63.06620209059234,91.89895470383276,22.125435540069684,70.3658536585366
2024-04-30,74.43478260869566,91.30434782608695,61.39130434782609,91.82608695652173,19.82608695652174,67.75652173913043
2024-05-31,80.38194444444444,91.66666666666666,59.201388888888886,91.75347222222221,25.0,69.60069444444443
2024-06-30,83.53552859618716,91.07452339688041,58.4055459272097,87.95493934142115,31.88908145580589,70.57192374350086
2024-07-31,83.73702422145328,88.840830449827,58.13148788927336,86.50519031141869,20.069204152249135,67.4567474048443
2024-08-31,85.66493955094991,83.59240069084629,58.72193436960277,86.44214162348878,22.625215889464595,67.40932642487047
2024-09-30,86.37931034482759,76.89655172413794,58.620689655172406,87.93103448275862,18.275862068965516,65.62068965517241
2024-10-31,84.33734939759037,77.96901893287436,58.86402753872634,87.8657487091222,19.965576592082616,65.80034423407918
2024-11-30,88.14432989690721,81.52920962199313,58.76288659793815,86.08247422680412,16.49484536082474,66.20274914089347
2024-12-31,85.42024013722127,68.01029159519726,57.46140651801029,87.82161234991423,24.013722126929675,64.54545454545455
2025-01-31,86.98630136986301,66.95205479452055,58.56164383561644,89.72602739726028,33.39041095890411,67.12328767123287
2025-02-28,84.61538461538461,71.19658119658119,56.41025641025641,85.72649572649573,32.64957264957265,66.11965811965811
2025-03-31,74.57337883959045,67.4061433447099,51.877133105802045,85.6655290102389,30.887372013651877,62.081911262798634
2025-04-30,71.37989778534923,57.41056218057922,51.10732538330494,85.60477001703578,34.241908006814306,59.948892674616694
2025-05-31,79.59183673469387,59.2687074829932,50.85034013605442,83.50340136054422,27.040816326530614,60.05102040816327
2025-06-30,85.56876061120543,59.25297113752123,53.3106960950764,87.69100169779287,30.89983022071307,63.3446519524618
2025-07-31,86.27118644067797,63.983050847457626,55.932203389830505,83.30508474576271,44.57627118644068,66.81355932203391
2025-08-31,87.47884940778341,54.39932318104906,56.683587140439926,83.24873096446701,37.39424703891709,63.84094754653131
2025-09-30,88.85135135135135,57.60135135135135,55.4054054054054,80.91216216216216,43.75,65.30405405405406
2025-11-30,88.87015177065767,58.1787521079258,52.951096121416526,78.75210792580101,42.83305227655986,64.31703204047217
2025-12-31,88.04713804713805,52.69360269360269,52.35690235690236,80.89225589225589,37.20538720538721,62.23905723905723
2026-01-31,88.23529411764706,51.84873949579833,53.78151260504202,83.27731092436976,34.78991596638655,62.386554621848745
2026-02-28,86.57718120805369,56.04026845637584,50.167785234899334,80.70469798657717,32.5503355704698,61.208053691275154
2026-03-31,77.88944723618091,60.13400335008375,48.743718592964825,83.24958123953098,31.32328308207705,60.268006700167504
2026-04-30,88.79598662207357,59.448160535117054,55.01672240802675,83.19397993311036,39.63210702341137,65.21739130434783
2026-05-31,91.48580968280467,61.85308848080133,54.09015025041736,83.13856427378965,42.07011686143572,66.52754590984975
2026-06-30,90.16666666666666,69.25,51.33333333333333,85.66666666666667,38.83333333333333,67.05
2026-07-31,88.85191347753744,61.73044925124792,50.74875207986689,87.85357737104825,36.7720465890183,65.19134775374377
2026-08-31,90.36544850498339,65.53156146179401,50.0,87.79069767441861,39.53488372093023,66.64451827242524
