Date,CDN Regime Strategy
2012-01-31,-0.00018847523479026407
2012-02-29,-0.001140256139079976
2012-03-31,-0.0013087056818331666
2012-04-30,-0.0011898032448973694
2012-05-31,-0.0013087056818331666
2012-06-30,-0.0012492562327994783
2012-07-31,-0.0012492562327994783
2012-08-31,-0.0013087056818331666
2012-09-30,-0.0011303467179163418
2012-10-31,-0.0013087056818331666
2012-11-30,-0.0013087056818331666
2012-12-31,-0.008222797217369848
2013-01-31,-0.011176510110755933
2013-02-28,0.007222605457011921
2013-03-31,0.0028246648312733047
2013-04-30,-0.004854702832203683
2013-05-31,0.02347201166402768
2013-06-30,-0.031313193123738925
2013-07-31,0.040282766050060204
2013-08-31,0.0019081316710964913
2013-09-30,-0.0021208725195438483
2013-10-31,0.024017435426148204
2013-11-30,0.030451934364630784
2013-12-31,0.015038702164663631
2014-01-31,-0.0026224914076997674
2014-02-28,0.052166629767469885
2014-03-31,-0.006469532033329228
2014-04-30,0.008460170054962246
2014-05-31,0.0207497104078207
2014-06-30,0.02607678989095996
2014-07-31,0.028178035442670613
2014-08-31,0.039147535242917364
2014-09-30,-0.01491515723379977
2014-10-31,0.025546057061455185
2014-11-30,0.045718601037622486
2014-12-31,-0.012837609275313522
2015-01-31,0.022127020174789402
2015-02-28,0.05985224900955588
2015-03-31,-0.022904267300892456
2015-04-30,-0.001000955875491094
2015-05-31,0.022807719572311314
2015-06-30,-0.030063979653423556
2015-07-31,0.03467532381779104
2015-08-31,-0.05797614787727723
2015-09-30,-0.016957090241206063
2015-10-31,0.06527573521807195
2015-11-30,0.0023630863580808015
2015-12-31,-0.0020844557455921287
2016-01-31,-0.037737446767090566
2016-02-29,-0.011641626811191297
2016-03-31,0.006112386579464113
2016-04-30,0.006659962741231373
2016-05-31,0.04168374182421397
2016-06-30,-0.009023452068926963
2016-07-31,0.05985894290595861
2016-08-31,-0.0073637489100070175
2016-09-30,0.009929336274512979
2016-10-31,-0.003546058025044818
2016-11-30,0.011878354754719433
2016-12-31,0.02666914835617984
2017-01-31,0.027755109879643802
2017-02-28,0.05284705840688542
2017-03-31,0.008569105526100573
2017-04-30,0.024984714713606193
2017-05-31,0.018907780345763125
2017-06-30,-0.03133426910765835
2017-07-31,0.0011388590763170559
2017-08-31,0.016111560378890832
2017-09-30,0.012835064756202108
2017-10-31,0.062232018856130944
2017-11-30,0.02128570290126608
2017-12-31,-0.0008808920445839696
2018-01-31,0.04406837241117012
2018-02-28,-0.03381007199362529
2018-03-31,-0.016150433552067134
2018-04-30,-0.001978759452584633
2018-05-31,0.03180566414256347
2018-06-30,0.009462516741889582
2018-07-31,0.016396585292656196
2018-08-31,0.033423221665839664
2018-09-30,-0.008027440489175475
2018-10-31,-0.08208338188023978
2018-11-30,0.008744896315593609
2018-12-31,-0.043950405364840406
2019-01-31,0.0395107802662209
2019-02-28,0.0016208223101048524
2019-03-31,0.014269333160505715
2019-04-30,0.04824875107207127
2019-05-31,-0.06372980073532664
2019-06-30,0.05264744206743033
2019-07-31,0.02272135150005994
2019-08-31,-0.008089443341798286
2019-09-30,0.021919674759591334
2019-10-31,0.02561101504136576
2019-11-30,0.03954164805127469
2019-12-31,0.002698724468983782
2020-01-31,0.03485886918146042
2020-02-29,-0.049586605779408544
2020-03-31,-0.042329410682064195
2020-04-30,0.02084491559901447
2020-05-31,0.0044934044851348
2020-06-30,0.014612467469695911
2020-07-31,0.032786551881895276
2020-08-31,0.044983396831786315
2020-09-30,-0.0355440833093843
2020-10-31,-0.02650498480677188
2020-11-30,0.06534746732536068
2020-12-31,0.030232832681579724
2021-01-31,-0.010027111433565161
2021-02-28,-0.003973133753622737
2021-03-31,0.032692528821815614
2021-04-30,0.03858654860987709
2021-05-31,0.03823666291958849
2021-06-30,-0.0033162147775982476
2021-07-31,0.03144252240920631
2021-08-31,0.023004176425705403
2021-09-30,-0.05749102367582204
2021-10-31,0.051232616455233915
2021-11-30,0.025820067410602388
2021-12-31,0.03899598025365947
2022-01-31,-0.034654892130228876
2022-02-28,0.01377178553005276
2022-03-31,0.0223111054078855
2022-04-30,-0.06759360081258325
2022-05-31,-0.025632075314042213
2022-06-30,-0.030636756449004432
2022-07-31,-0.0017663182334204386
2022-08-31,-0.012256735481448011
2022-09-30,-0.0014523222711901873
2022-10-31,-0.005190943658522129
2022-11-30,0.01623990457590896
2022-12-31,-0.01937329103759633
2023-01-31,0.022189832850384228
2023-02-28,-0.0074337258223236
2023-03-31,0.013193347443688719
2023-04-30,0.007108704662651011
2023-05-31,-0.0017651225095025591
2023-06-30,0.020077919834720293
2023-07-31,0.02443823611049467
2023-08-31,-0.02196830124538729
2023-09-30,-0.03391361848105223
2023-10-31,0.008991266915727714
2023-11-30,0.06629996164254015
2023-12-31,0.06202940982548677
2024-01-31,0.010060825501269743
2024-02-29,0.046220012558119805
2024-03-31,0.0804389609516083
2024-04-30,-0.008403152596933916
2024-05-31,0.045028139447881976
2024-06-30,0.017528842270508438
2024-07-31,0.03268138602878978
2024-08-31,0.023051016063449392
2024-09-30,0.037746289281407996
2024-10-31,0.011763654375605226
2024-11-30,0.05532492902526953
2024-12-31,-0.007856098315495053
2025-01-31,0.041579403074281984
2025-02-28,-0.021974674500756075
2025-03-31,-0.05127020143087613
2025-04-30,-0.012759090136203799
2025-05-31,0.0017411894521246474
2025-06-30,0.04069453547411017
2025-07-31,0.023626456790705408
2025-08-31,0.043483741982479396
2025-09-30,0.0801152635504907
2025-10-31,0.027052782210262416
2025-11-30,0.024159888686977826
2025-12-31,0.002997594973761286
2026-01-31,0.012178411099446285
2026-02-28,0.015636013644942937
2026-03-31,-0.054826746636313706
2026-04-30,0.07447164240642135
2026-05-31,0.0554021146028123
2026-06-30,-0.030582838581158178
2026-07-31,-0.03235532545550179
2026-08-31,0.014072662964677018
2026-09-30,0.021296382044766693
