release_date,cpi_yoy,gdp_yoy,source
1965-11-15,,4.54857535187092,philadelphia_fed_rtdsm
1966-02-15,,6.328031469129458,philadelphia_fed_rtdsm
1966-05-15,,6.039819307344807,philadelphia_fed_rtdsm
1966-08-15,,5.9888121092464885,philadelphia_fed_rtdsm
1966-11-15,,5.257198317696532,philadelphia_fed_rtdsm
1967-02-15,,4.0874524714828775,philadelphia_fed_rtdsm
1967-05-15,,2.607338017174099,philadelphia_fed_rtdsm
1967-08-15,,2.3563837979362567,philadelphia_fed_rtdsm
1967-11-15,,2.565668906536356,philadelphia_fed_rtdsm
1968-02-15,,2.7681137498109187,philadelphia_fed_rtdsm
1968-05-15,,4.38928409262902,philadelphia_fed_rtdsm
1968-08-15,,4.856545128511658,philadelphia_fed_rtdsm
1968-11-15,,5.387803433984595,philadelphia_fed_rtdsm
1969-02-15,,5.470812555001481,philadelphia_fed_rtdsm
1969-05-15,,4.460805543525326,philadelphia_fed_rtdsm
1969-08-15,,3.046188722017562,philadelphia_fed_rtdsm
1969-11-15,,2.4691358024691468,philadelphia_fed_rtdsm
1970-02-15,,1.6701461377870652,philadelphia_fed_rtdsm
1970-05-15,,0.5255151431337257,philadelphia_fed_rtdsm
1970-08-15,,-0.24789973832806123,philadelphia_fed_rtdsm
1970-11-15,,-0.4651799151730751,philadelphia_fed_rtdsm
1971-02-15,,-1.0833790455293646,philadelphia_fed_rtdsm
1971-05-15,,1.0776457584968258,philadelphia_fed_rtdsm
1971-08-15,,2.1078907225072774,philadelphia_fed_rtdsm
1971-11-15,,2.8065809484308035,philadelphia_fed_rtdsm
1972-02-15,,5.000698421567273,philadelphia_fed_rtdsm
1972-05-15,,4.289434013978344,philadelphia_fed_rtdsm
1972-08-15,,6.1254912589781885,philadelphia_fed_rtdsm
1972-11-15,,7.1111111111111125,philadelphia_fed_rtdsm
1973-02-15,,7.673956262425441,philadelphia_fed_rtdsm
1973-05-15,,7.906066536203515,philadelphia_fed_rtdsm
1973-08-15,,6.237270875763756,philadelphia_fed_rtdsm
1973-11-15,,5.635747458265339,philadelphia_fed_rtdsm
1974-02-15,,3.914809799335228,philadelphia_fed_rtdsm
1974-05-15,,0.32557578680816324,philadelphia_fed_rtdsm
1974-08-15,,-1.1225220921901147,philadelphia_fed_rtdsm
1974-11-15,,-2.343006660323499,philadelphia_fed_rtdsm
1975-02-15,,-4.966300106420718,philadelphia_fed_rtdsm
1975-05-15,,-5.80373269114991,philadelphia_fed_rtdsm
1975-08-15,,-5.767138193688792,philadelphia_fed_rtdsm
1975-11-15,,-2.2476005345644534,philadelphia_fed_rtdsm
1976-02-15,,2.578361981799815,philadelphia_fed_rtdsm
1976-05-15,,6.88762299326775,philadelphia_fed_rtdsm
1976-08-15,,7.017245773511194,philadelphia_fed_rtdsm
1976-11-15,,5.201356156454162,philadelphia_fed_rtdsm
1977-02-15,,5.109908136482932,philadelphia_fed_rtdsm
1977-05-15,,4.051993901949769,philadelphia_fed_rtdsm
1977-08-15,,4.726700747149026,philadelphia_fed_rtdsm
1977-11-15,,4.635039339409519,philadelphia_fed_rtdsm
1978-02-15,,5.7480192636321314,philadelphia_fed_rtdsm
1978-05-15,,3.60793287566743,philadelphia_fed_rtdsm
1978-08-15,,4.006035458317614,philadelphia_fed_rtdsm
1978-11-15,,3.750279038618931,philadelphia_fed_rtdsm
1979-02-15,,4.259874492432636,philadelphia_fed_rtdsm
1979-05-15,,4.659577610397281,philadelphia_fed_rtdsm
1979-08-15,,1.6915137614678777,philadelphia_fed_rtdsm
1979-11-15,,1.66986427911604,philadelphia_fed_rtdsm
1980-02-15,,0.8271414552081913,philadelphia_fed_rtdsm
1980-05-15,,0.9506500768908355,philadelphia_fed_rtdsm
1980-08-15,,-0.8085495324474445,philadelphia_fed_rtdsm
1980-11-15,,-1.479104165213152,philadelphia_fed_rtdsm
1981-02-15,,-0.03354353951429134,philadelphia_fed_rtdsm
1981-05-15,,0.4860510020640474,philadelphia_fed_rtdsm
1981-08-15,,3.1299118430943684,philadelphia_fed_rtdsm
1981-11-15,,2.4662001494666796,philadelphia_fed_rtdsm
1982-02-15,,0.6731287022078591,philadelphia_fed_rtdsm
1982-05-15,,-2.1630176734370954,philadelphia_fed_rtdsm
1982-08-15,,-1.6908534149913557,philadelphia_fed_rtdsm
1982-11-15,,-1.9332627118644141,philadelphia_fed_rtdsm
1983-02-15,,-1.234816455271448,philadelphia_fed_rtdsm
1983-05-15,,1.2103080165907443,philadelphia_fed_rtdsm
1983-08-15,,2.1553750083932233,philadelphia_fed_rtdsm
1983-11-15,,4.624082923874262,philadelphia_fed_rtdsm
1984-02-15,,6.064699128790441,philadelphia_fed_rtdsm
1984-05-15,,7.663915173478286,philadelphia_fed_rtdsm
1984-08-15,,7.568205666316907,philadelphia_fed_rtdsm
1984-11-15,,6.412075861179201,philadelphia_fed_rtdsm
1985-02-15,,5.620906720925789,philadelphia_fed_rtdsm
1985-05-15,,3.5446023961760442,philadelphia_fed_rtdsm
1985-08-15,,1.9465462533561295,philadelphia_fed_rtdsm
1985-11-15,,2.4070021881837933,philadelphia_fed_rtdsm
1986-02-15,,2.5429514165434153,philadelphia_fed_rtdsm
1986-05-15,,2.01251479790292,philadelphia_fed_rtdsm
1986-08-15,,2.7497477295660877,philadelphia_fed_rtdsm
1986-11-15,,2.206004772739889,philadelphia_fed_rtdsm
1987-02-15,,2.211302211302213,philadelphia_fed_rtdsm
1987-05-15,,2.1690965288984954,philadelphia_fed_rtdsm
1987-08-15,,2.4752341620104312,philadelphia_fed_rtdsm
1987-11-15,,3.0446476600322736,philadelphia_fed_rtdsm
1988-02-15,,3.848318370628423,philadelphia_fed_rtdsm
1988-05-15,,3.4568686708021934,philadelphia_fed_rtdsm
1988-08-15,,4.271514517394714,philadelphia_fed_rtdsm
1988-11-15,,3.6737122603678785,philadelphia_fed_rtdsm
1989-02-15,,2.7071119041549796,philadelphia_fed_rtdsm
1989-05-15,,3.339147139859966,philadelphia_fed_rtdsm
1989-08-15,,2.8224499463934016,philadelphia_fed_rtdsm
1989-11-15,,2.8545279145125946,philadelphia_fed_rtdsm
1990-02-15,,2.4254189806851123,philadelphia_fed_rtdsm
1990-05-15,,2.1671374306029056,philadelphia_fed_rtdsm
1990-08-15,,1.2402120519430015,philadelphia_fed_rtdsm
1990-11-15,,1.0630312129210395,philadelphia_fed_rtdsm
1991-02-15,,0.34839833543018894,philadelphia_fed_rtdsm
1991-05-15,,-0.6432804895677879,philadelphia_fed_rtdsm
1991-08-15,,-0.6425838126639771,philadelphia_fed_rtdsm
1991-11-15,,-0.6450839328537072,philadelphia_fed_rtdsm
1992-02-15,,0.2306852588000119,philadelphia_fed_rtdsm
1992-05-15,,1.4075456053067814,philadelphia_fed_rtdsm
1992-08-15,,1.5237383487990641,philadelphia_fed_rtdsm
1992-11-15,,1.9185396746554062,philadelphia_fed_rtdsm
1993-02-15,,2.9203265474837314,philadelphia_fed_rtdsm
1993-05-15,,2.8602499127972747,philadelphia_fed_rtdsm
1993-08-15,,2.597906957730367,philadelphia_fed_rtdsm
1993-11-15,,2.7970069224920957,philadelphia_fed_rtdsm
1994-02-15,,2.837243257107902,philadelphia_fed_rtdsm
1994-05-15,,3.5603166476310566,philadelphia_fed_rtdsm
1994-08-15,,3.99185176479806,philadelphia_fed_rtdsm
1994-11-15,,4.276763824570962,philadelphia_fed_rtdsm
1995-02-15,,4.00153315446532,philadelphia_fed_rtdsm
1995-05-15,,4.002965159377303,philadelphia_fed_rtdsm
1995-08-15,,3.0710750644511675,philadelphia_fed_rtdsm
1995-11-15,,3.3091112353270002,philadelphia_fed_rtdsm
1996-03-15,,1.3823920613333707,philadelphia_fed_rtdsm
1996-05-15,,1.820460785484057,philadelphia_fed_rtdsm
1996-08-15,,2.5560437923586754,philadelphia_fed_rtdsm
1996-11-15,,2.2622631485744726,philadelphia_fed_rtdsm
1997-02-15,,3.3624846992198476,philadelphia_fed_rtdsm
1997-05-15,,4.044732748246194,philadelphia_fed_rtdsm
1997-08-15,,3.0854750216575244,philadelphia_fed_rtdsm
1997-11-15,,4.00357153143811,philadelphia_fed_rtdsm
1998-02-15,,3.8889047225468154,philadelphia_fed_rtdsm
1998-05-15,,3.5822913146333235,philadelphia_fed_rtdsm
1998-08-15,,3.516893525875764,philadelphia_fed_rtdsm
1998-11-15,1.4851485148514865,3.3961593172119553,philadelphia_fed_rtdsm
1998-12-15,1.5451174289246028,,philadelphia_fed_rtdsm
1999-01-15,1.6059295861643008,,philadelphia_fed_rtdsm
1999-02-15,1.6049382716049276,4.146864731282074,philadelphia_fed_rtdsm
1999-03-15,1.603948180135717,,philadelphia_fed_rtdsm
1999-04-15,1.7890191239975373,,philadelphia_fed_rtdsm
1999-05-15,2.2769230769230653,3.989443648103741,philadelphia_fed_rtdsm
1999-06-15,2.025782688766098,,philadelphia_fed_rtdsm
1999-07-15,1.9631901840490684,,philadelphia_fed_rtdsm
1999-08-15,2.0820575627678917,4.0674259195049745,philadelphia_fed_rtdsm
1999-09-15,2.2629969418960227,,philadelphia_fed_rtdsm
1999-10-15,2.6283618581907087,,philadelphia_fed_rtdsm
1999-11-15,2.623550945698594,4.060449859418935,philadelphia_fed_rtdsm
1999-12-15,2.5578562728380216,,philadelphia_fed_rtdsm
2000-01-15,2.676399026763998,,philadelphia_fed_rtdsm
2000-02-15,2.671523982999391,4.246350702143364,philadelphia_fed_rtdsm
2000-03-15,3.15533980582523,,philadelphia_fed_rtdsm
2000-04-15,3.6947304663839997,,philadelphia_fed_rtdsm
2000-05-15,3.0084235860409203,5.0357896668807856,philadelphia_fed_rtdsm
2000-06-15,3.0685920577617543,,philadelphia_fed_rtdsm
2000-07-15,3.6702767749699383,,philadelphia_fed_rtdsm
2000-08-15,3.5992801439711952,5.984151562073037,philadelphia_fed_rtdsm
2000-09-15,3.229665071770338,,philadelphia_fed_rtdsm
2000-10-15,3.45649582836709,,philadelphia_fed_rtdsm
2000-11-15,3.4503271861986873,5.349322913157728,philadelphia_fed_rtdsm
2000-12-15,3.444180522565321,,philadelphia_fed_rtdsm
2001-01-15,3.376777251184837,,philadelphia_fed_rtdsm
2001-02-15,3.7190082644628086,3.494017018747031,philadelphia_fed_rtdsm
2001-03-15,3.525264394829608,,philadelphia_fed_rtdsm
2001-04-15,2.9789719626168276,,philadelphia_fed_rtdsm
2001-05-15,3.3313851548802065,2.699144890010663,philadelphia_fed_rtdsm
2001-06-15,3.6193812025685945,,philadelphia_fed_rtdsm
2001-07-15,3.310104529616731,,philadelphia_fed_rtdsm
2001-08-15,2.7214823393167498,1.3240297310767923,philadelphia_fed_rtdsm
2001-09-15,2.719907407407396,,philadelphia_fed_rtdsm
2001-10-15,2.6497695852534475,,philadelphia_fed_rtdsm
2001-11-15,2.127659574468077,0.7915681256141838,philadelphia_fed_rtdsm
2001-12-15,1.8932874354560925,,philadelphia_fed_rtdsm
2002-01-15,1.5463917525773363,,philadelphia_fed_rtdsm
2002-02-15,1.1389521640091216,0.12575371618355202,philadelphia_fed_rtdsm
2002-03-15,1.1363636363636465,,philadelphia_fed_rtdsm
2002-04-15,1.4196479273140161,,philadelphia_fed_rtdsm
2002-05-15,1.642129105322776,1.5812309175638806,philadelphia_fed_rtdsm
2002-06-15,1.1837655016910809,,philadelphia_fed_rtdsm
2002-07-15,1.0686164229471107,,philadelphia_fed_rtdsm
2002-08-15,1.466441060349677,2.118980539752635,philadelphia_fed_rtdsm
2002-09-15,1.747463359639223,,philadelphia_fed_rtdsm
2002-10-15,1.516002245929271,,philadelphia_fed_rtdsm
2002-11-15,2.083333333333348,3.0349211878429205,philadelphia_fed_rtdsm
2002-12-15,2.2535211267605604,,philadelphia_fed_rtdsm
2003-01-15,2.425267907501394,,philadelphia_fed_rtdsm
2003-02-15,2.5900900900900803,2.7506271083816536,philadelphia_fed_rtdsm
2003-03-15,3.0354131534570117,,philadelphia_fed_rtdsm
2003-04-15,3.025210084033625,,philadelphia_fed_rtdsm
2003-05-15,2.230897936419418,2.0591250854408605,philadelphia_fed_rtdsm
2003-06-15,2.116991643454047,,philadelphia_fed_rtdsm
2003-07-15,2.1134593993325845,,philadelphia_fed_rtdsm
2003-08-15,2.1099389228206533,2.29653762616584,philadelphia_fed_rtdsm
2003-09-15,2.216066481994461,,philadelphia_fed_rtdsm
2003-10-15,2.2664455500276404,,philadelphia_fed_rtdsm
2003-11-15,2.0971302428256067,3.2849793371004576,philadelphia_fed_rtdsm
2003-12-15,1.764057331863289,,philadelphia_fed_rtdsm
2004-01-15,1.8722466960352513,,philadelphia_fed_rtdsm
2004-02-15,1.975850713501659,4.293953232028991,philadelphia_fed_rtdsm
2004-03-15,1.6921397379912717,,philadelphia_fed_rtdsm
2004-04-15,1.7391304347825987,,philadelphia_fed_rtdsm
2004-05-15,2.2900763358778553,4.879338713468617,philadelphia_fed_rtdsm
2004-06-15,3.000545553737033,,philadelphia_fed_rtdsm
2004-07-15,3.2152588555858452,,philadelphia_fed_rtdsm
2004-08-15,2.992383025027201,4.768940645838593,philadelphia_fed_rtdsm
2004-09-15,2.655826558265595,,philadelphia_fed_rtdsm
2004-10-15,2.485143165856285,,philadelphia_fed_rtdsm
2004-11-15,3.2449972958355833,3.920632495607679,philadelphia_fed_rtdsm
2004-12-15,3.5752979414951147,,philadelphia_fed_rtdsm
2005-01-15,3.3531638723634405,,philadelphia_fed_rtdsm
2005-02-15,2.9047875201721363,3.7332123583505794,philadelphia_fed_rtdsm
2005-03-15,2.9490616621983934,,philadelphia_fed_rtdsm
2005-04-15,3.1500266951414613,,philadelphia_fed_rtdsm
2005-05-15,3.4629728289824246,3.5587754148165507,philadelphia_fed_rtdsm
2005-06-15,2.8072033898304927,,philadelphia_fed_rtdsm
2005-07-15,2.535657686212356,,philadelphia_fed_rtdsm
2005-08-15,3.118393234672312,3.623845068711984,philadelphia_fed_rtdsm
2005-09-15,3.59218172213418,,philadelphia_fed_rtdsm
2005-10-15,4.694092827004215,,philadelphia_fed_rtdsm
2005-11-15,4.299947561615114,3.5554034175540705,philadelphia_fed_rtdsm
2005-12-15,3.451882845188292,,philadelphia_fed_rtdsm
2006-01-15,3.399581589958167,,philadelphia_fed_rtdsm
2006-02-15,3.9707419017763756,3.0870598599627375,philadelphia_fed_rtdsm
2006-03-15,3.6439354502863175,,philadelphia_fed_rtdsm
2006-04-15,3.4161490683229934,,philadelphia_fed_rtdsm
2006-05-15,3.554868624420404,3.4738574272908274,philadelphia_fed_rtdsm
2006-06-15,4.072164948453616,,philadelphia_fed_rtdsm
2006-07-15,4.332129963898912,,philadelphia_fed_rtdsm
2006-08-15,4.151717068170169,3.4857932338344666,philadelphia_fed_rtdsm
2006-09-15,3.822629969418956,,philadelphia_fed_rtdsm
2006-10-15,2.0644511581067393,,philadelphia_fed_rtdsm
2006-11-15,1.3058764439979775,2.8591735566931398,philadelphia_fed_rtdsm
2006-12-15,1.9716885743174872,,philadelphia_fed_rtdsm
2007-01-15,2.5796661608497917,,philadelphia_fed_rtdsm
2007-02-15,2.086934673366825,3.3841523495584003,philadelphia_fed_rtdsm
2007-03-15,2.4138623807132165,,philadelphia_fed_rtdsm
2007-04-15,2.7785571142284526,,philadelphia_fed_rtdsm
2007-05-15,2.5891434262948154,2.056307659679768,philadelphia_fed_rtdsm
2007-06-15,2.717682020802381,,philadelphia_fed_rtdsm
2007-07-15,2.6600790513833905,,philadelphia_fed_rtdsm
2007-08-15,2.3759842519684993,1.7794758859791093,philadelphia_fed_rtdsm
2007-09-15,1.9322865554465052,,philadelphia_fed_rtdsm
2007-10-15,2.758756783423788,,philadelphia_fed_rtdsm
2007-11-15,3.519821605550044,2.5933472703696836,philadelphia_fed_rtdsm
2007-12-15,4.291728578504217,,philadelphia_fed_rtdsm
2008-01-15,4.122287968441807,,philadelphia_fed_rtdsm
2008-02-15,4.403788712466583,2.4737835110350437,philadelphia_fed_rtdsm
2008-03-15,4.1208279861675745,,philadelphia_fed_rtdsm
2008-04-15,3.9995514339486338,,philadelphia_fed_rtdsm
2008-05-15,3.8843067591408875,2.4578097891803763,philadelphia_fed_rtdsm
2008-06-15,4.079342041606204,,philadelphia_fed_rtdsm
2008-07-15,4.900938980728209,,philadelphia_fed_rtdsm
2008-08-15,5.523619696882176,1.8204918460761998,philadelphia_fed_rtdsm
2008-09-15,5.357907859965638,,philadelphia_fed_rtdsm
2008-10-15,4.941753113774472,,philadelphia_fed_rtdsm
2008-11-15,3.661715816411948,0.8111339532243189,philadelphia_fed_rtdsm
2008-12-15,1.009813682264249,,philadelphia_fed_rtdsm
2009-01-15,-0.08975812547240558,,philadelphia_fed_rtdsm
2009-02-15,-0.15106237793830468,-0.1832936053766221,philadelphia_fed_rtdsm
2009-03-15,0.06905947571174131,,philadelphia_fed_rtdsm
2009-04-15,-0.44602114505282175,,philadelphia_fed_rtdsm
2009-05-15,-0.6196348546942398,-2.619783616692428,philadelphia_fed_rtdsm
2009-06-15,-1.0081657707259883,,philadelphia_fed_rtdsm
2009-07-15,-1.1864500493010244,,philadelphia_fed_rtdsm
2009-08-15,-1.8942408855953663,-3.8977883461420837,philadelphia_fed_rtdsm
2009-09-15,-1.440231315423468,,philadelphia_fed_rtdsm
2009-10-15,-1.3188521778895734,,philadelphia_fed_rtdsm
2009-11-15,-0.2323769301347811,-2.3310268225687825,philadelphia_fed_rtdsm
2009-12-15,1.869522608234897,,philadelphia_fed_rtdsm
2010-01-15,2.8188319146220886,,philadelphia_fed_rtdsm
2010-02-15,2.6552304926896086,0.09968117243321917,philadelphia_fed_rtdsm
2010-03-15,2.214424291962014,,philadelphia_fed_rtdsm
2010-04-15,2.391802222504391,,philadelphia_fed_rtdsm
2010-05-15,2.240966120013166,2.5476967830782904,philadelphia_fed_rtdsm
2010-06-15,1.9591645153719695,,philadelphia_fed_rtdsm
2010-07-15,1.1050625005825987,,philadelphia_fed_rtdsm
2010-08-15,1.3144049093465782,3.1733021077283263,philadelphia_fed_rtdsm
2010-09-15,1.1987048050249083,,philadelphia_fed_rtdsm
2010-10-15,1.139821500525695,,philadelphia_fed_rtdsm
2010-11-15,1.1656660057220103,3.1094488678775845,philadelphia_fed_rtdsm
2010-12-15,1.0546022991897885,,philadelphia_fed_rtdsm
2011-01-15,1.3939527860641565,,philadelphia_fed_rtdsm
2011-02-15,1.65733153068639,2.7928412320454843,philadelphia_fed_rtdsm
2011-03-15,2.1639808422426743,,philadelphia_fed_rtdsm
2011-04-15,2.7016097531834316,,philadelphia_fed_rtdsm
2011-05-15,3.1283170591613896,2.2833135446159503,philadelphia_fed_rtdsm
2011-06-15,3.4437695564145,,philadelphia_fed_rtdsm
2011-07-15,3.4302446222304273,,philadelphia_fed_rtdsm
2011-08-15,3.5860509785360817,1.6204005054179405,philadelphia_fed_rtdsm
2011-09-15,3.7602949538676045,,philadelphia_fed_rtdsm
2011-10-15,3.904279232878727,,philadelphia_fed_rtdsm
2011-11-15,3.5589350139288545,1.6225760297116976,philadelphia_fed_rtdsm
2011-12-15,3.4117861704068497,,philadelphia_fed_rtdsm
2012-01-15,2.979753481147762,,philadelphia_fed_rtdsm
2012-02-15,2.9266725782225445,1.560974871558174,philadelphia_fed_rtdsm
2012-03-15,2.89403985441965,,philadelphia_fed_rtdsm
2012-04-15,2.6456922932170723,,philadelphia_fed_rtdsm
2012-05-15,2.297460161585496,2.0751593223414133,philadelphia_fed_rtdsm
2012-06-15,1.733041302741345,,philadelphia_fed_rtdsm
2012-07-15,1.6816627156562403,,philadelphia_fed_rtdsm
2012-08-15,1.422521783473396,2.211131800945365,philadelphia_fed_rtdsm
2012-09-15,1.695349721124706,,philadelphia_fed_rtdsm
2012-10-15,2.002909155022703,,philadelphia_fed_rtdsm
2012-11-15,2.1811784624609754,2.324358039813945,philadelphia_fed_rtdsm
2012-12-15,1.7668513836150979,,philadelphia_fed_rtdsm
2013-01-15,1.7380733197376763,,philadelphia_fed_rtdsm
2013-02-15,1.5786120691549055,1.5370880142846488,philadelphia_fed_rtdsm
2013-03-15,1.9789444169408643,,philadelphia_fed_rtdsm
2013-04-15,1.4806726359467115,,philadelphia_fed_rtdsm
2013-05-15,1.1067870417687642,1.8043297992063057,philadelphia_fed_rtdsm
2013-06-15,1.392096147790478,,philadelphia_fed_rtdsm
2013-07-15,1.7560413062850388,,philadelphia_fed_rtdsm
2013-08-15,1.9586079113426136,1.4324883164697155,philadelphia_fed_rtdsm
2013-09-15,1.521567127194312,,philadelphia_fed_rtdsm
2013-10-15,1.1763332136818017,,philadelphia_fed_rtdsm
2013-11-15,0.9433432776537742,1.648641689197894,philadelphia_fed_rtdsm
2013-12-15,1.2186730485435282,,philadelphia_fed_rtdsm
2014-01-15,1.4904580400368683,,philadelphia_fed_rtdsm
2014-02-15,1.561466533518363,2.741383304589573,philadelphia_fed_rtdsm
2014-03-15,1.1049058680389967,,philadelphia_fed_rtdsm
2014-04-15,1.5361413336205887,,philadelphia_fed_rtdsm
2014-05-15,1.9623921590629534,2.3274019982161054,philadelphia_fed_rtdsm
2014-06-15,2.1363581534007636,,philadelphia_fed_rtdsm
2014-07-15,2.0754960061839745,,philadelphia_fed_rtdsm
2014-08-15,1.9965530842179113,2.4291005087591078,philadelphia_fed_rtdsm
2014-09-15,1.711411839799859,,philadelphia_fed_rtdsm
2014-10-15,1.6642209606277047,,philadelphia_fed_rtdsm
2014-11-15,1.6511108639672756,2.349191059512412,philadelphia_fed_rtdsm
2014-12-15,1.2814432152730593,,philadelphia_fed_rtdsm
2015-01-15,0.6628473021475401,,philadelphia_fed_rtdsm
2015-02-15,-0.19181041815521382,2.4842613186564666,philadelphia_fed_rtdsm
2015-03-15,-0.07223100324613707,,philadelphia_fed_rtdsm
2015-04-15,-0.021205309809568806,,philadelphia_fed_rtdsm
2015-05-15,-0.10921097189299234,2.98830826758969,philadelphia_fed_rtdsm
2015-06-15,0.03418442709433034,,philadelphia_fed_rtdsm
2015-07-15,0.18453915769249818,,philadelphia_fed_rtdsm
2015-08-15,0.21170390073905754,2.319906927019466,philadelphia_fed_rtdsm
2015-09-15,0.21987372003589023,,philadelphia_fed_rtdsm
2015-10-15,-0.02524976223140518,,philadelphia_fed_rtdsm
2015-11-15,0.12155472275849899,2.025042318032466,philadelphia_fed_rtdsm
2015-12-15,0.440381832983916,,philadelphia_fed_rtdsm
2016-01-15,0.6614921027238374,,philadelphia_fed_rtdsm
2016-02-15,1.341964810133045,1.8010822591230546,philadelphia_fed_rtdsm
2016-03-15,0.9735998130960155,,philadelphia_fed_rtdsm
2016-04-15,0.8738271594469493,,philadelphia_fed_rtdsm
2016-05-15,1.1401499595676379,1.9496454909039285,philadelphia_fed_rtdsm
2016-06-15,1.0697580168526954,,philadelphia_fed_rtdsm
2016-07-15,1.054657720608354,,philadelphia_fed_rtdsm
2016-08-15,0.8808163746035547,1.2269301706342661,philadelphia_fed_rtdsm
2016-09-15,1.094643315397792,,philadelphia_fed_rtdsm
2016-10-15,1.4792264062756688,,philadelphia_fed_rtdsm
2016-11-15,1.644890291617096,1.5022880722459497,philadelphia_fed_rtdsm
2016-12-15,1.69784559088888,,philadelphia_fed_rtdsm
2017-01-15,2.0966976277196014,,philadelphia_fed_rtdsm
2017-02-15,2.54172511402484,1.904709927413628,philadelphia_fed_rtdsm
2017-03-15,2.795532530444733,,philadelphia_fed_rtdsm
2017-04-15,2.383252547484438,,philadelphia_fed_rtdsm
2017-05-15,2.1974986187151435,1.9207261724659697,philadelphia_fed_rtdsm
2017-06-15,1.8733132243213158,,philadelphia_fed_rtdsm
2017-07-15,1.6460836717505645,,philadelphia_fed_rtdsm
2017-08-15,1.7299018749635353,2.083595883217826,philadelphia_fed_rtdsm
2017-09-15,1.9306207854768775,,philadelphia_fed_rtdsm
2017-10-15,2.226915512476868,,philadelphia_fed_rtdsm
2017-11-15,2.045975489668761,2.2577049844738184,philadelphia_fed_rtdsm
2017-12-15,2.2266813653235573,,philadelphia_fed_rtdsm
2018-01-15,2.11760926773219,,philadelphia_fed_rtdsm
2018-02-15,2.1378694248201047,2.4989021683658352,philadelphia_fed_rtdsm
2018-03-15,2.2601207691866465,,philadelphia_fed_rtdsm
2018-04-15,2.3572422112531966,,philadelphia_fed_rtdsm
2018-05-15,2.4278228664369683,2.855080694779688,philadelphia_fed_rtdsm
2018-06-15,2.71574467736182,,philadelphia_fed_rtdsm
2018-07-15,2.7967643587726077,,philadelphia_fed_rtdsm
2018-08-15,2.8865523510047675,2.8452031652885124,philadelphia_fed_rtdsm
2018-09-15,2.684476192806051,,philadelphia_fed_rtdsm
2018-10-15,2.273612779635714,,philadelphia_fed_rtdsm
2018-11-15,2.53221024969279,3.039049048607123,philadelphia_fed_rtdsm
2018-12-15,2.208875110645847,,philadelphia_fed_rtdsm
2019-01-15,1.9454640797063494,,philadelphia_fed_rtdsm
2019-02-15,1.5223959756352379,3.077294526937302,philadelphia_fed_rtdsm
2019-03-15,1.5013895071159578,,philadelphia_fed_rtdsm
2019-04-15,1.863742394728618,,philadelphia_fed_rtdsm
2019-05-15,2.0011522027876927,3.2105435494433454,philadelphia_fed_rtdsm
2019-06-15,1.7989515092999842,,philadelphia_fed_rtdsm
2019-07-15,1.6608663104159538,,philadelphia_fed_rtdsm
2019-08-15,1.8140120907641943,2.288943494227902,philadelphia_fed_rtdsm
2019-09-15,1.7552078577412145,,philadelphia_fed_rtdsm
2019-10-15,1.7253283599857117,,philadelphia_fed_rtdsm
2019-11-15,1.7710072232727025,2.02747067961373,philadelphia_fed_rtdsm
2019-12-15,2.047792372210777,,philadelphia_fed_rtdsm
2020-01-15,2.2862976460393147,,philadelphia_fed_rtdsm
2020-02-15,2.482676697683628,2.3227832938483184,philadelphia_fed_rtdsm
2020-03-15,2.318104439116686,,philadelphia_fed_rtdsm
2020-04-15,1.5183297585548594,,philadelphia_fed_rtdsm
2020-05-15,0.37616251475818263,0.3201724493192559,philadelphia_fed_rtdsm
2020-06-15,0.23553202412538443,,philadelphia_fed_rtdsm
2020-07-15,0.7094697770573477,,philadelphia_fed_rtdsm
2020-08-15,1.0293376860207815,-9.541234240770535,philadelphia_fed_rtdsm
2020-09-15,1.321529181330816,,philadelphia_fed_rtdsm
2020-10-15,1.4092356377609638,,philadelphia_fed_rtdsm
2020-11-15,1.203596795073647,-2.9135343255823676,philadelphia_fed_rtdsm
2020-12-15,1.1608694303090417,,philadelphia_fed_rtdsm
2021-01-15,1.288867220751877,,philadelphia_fed_rtdsm
2021-02-15,1.3699953998461467,-2.4602679962605234,philadelphia_fed_rtdsm
2021-03-15,1.6756560442617419,,philadelphia_fed_rtdsm
2021-04-15,2.6373217462760223,,philadelphia_fed_rtdsm
2021-05-15,4.153135148638509,0.4039808950701662,philadelphia_fed_rtdsm
2021-06-15,4.926506786693863,,philadelphia_fed_rtdsm
2021-07-15,5.324507738590345,,philadelphia_fed_rtdsm
2021-08-15,5.282594236748084,12.168128773568498,philadelphia_fed_rtdsm
2021-09-15,5.2024769662943005,,philadelphia_fed_rtdsm
2021-10-15,5.3773030071228245,,philadelphia_fed_rtdsm
2021-11-15,6.2435211278420555,4.872634800224129,philadelphia_fed_rtdsm
2021-12-15,6.880468483522195,,philadelphia_fed_rtdsm
2022-01-15,7.123413365958098,,philadelphia_fed_rtdsm
2022-02-15,7.5259344012204465,5.531815130169759,philadelphia_fed_rtdsm
2022-03-15,7.912024484898206,,philadelphia_fed_rtdsm
2022-04-15,8.557586368232784,,philadelphia_fed_rtdsm
2022-05-15,8.224139288485999,3.5695356245112997,philadelphia_fed_rtdsm
2022-06-15,8.516412942713858,,philadelphia_fed_rtdsm
2022-07-15,8.995220608588127,,philadelphia_fed_rtdsm
2022-08-15,8.482129735766986,1.6181079392615816,philadelphia_fed_rtdsm
2022-09-15,8.24923469014105,,philadelphia_fed_rtdsm
2022-10-15,8.222410234342536,,philadelphia_fed_rtdsm
2022-11-15,7.76311508008245,1.774549373239953,philadelphia_fed_rtdsm
2022-12-15,7.117878531114008,,philadelphia_fed_rtdsm
2023-01-15,6.420682121616728,,philadelphia_fed_rtdsm
2023-02-15,6.347156217821026,0.9592026471793691,philadelphia_fed_rtdsm
2023-03-15,5.986437581251547,,philadelphia_fed_rtdsm
2023-04-15,4.986920465297495,,philadelphia_fed_rtdsm
2023-05-15,4.957191513836978,1.5649389432897953,philadelphia_fed_rtdsm
2023-06-15,4.128843539283422,,philadelphia_fed_rtdsm
2023-07-15,3.092003474389937,,philadelphia_fed_rtdsm
2023-08-15,3.299075444289068,2.557387925791521,philadelphia_fed_rtdsm
2023-09-15,3.7075037247731313,,philadelphia_fed_rtdsm
2023-10-15,3.6899025086076342,,philadelphia_fed_rtdsm
2023-11-15,3.232355773909612,2.931202548155465,philadelphia_fed_rtdsm
2023-12-15,3.1209184254415545,,philadelphia_fed_rtdsm
2024-01-15,3.2977691561590694,,philadelphia_fed_rtdsm
2024-02-15,3.1059809026621865,3.105502501136881,philadelphia_fed_rtdsm
2024-03-15,3.1657429794798686,,philadelphia_fed_rtdsm
2024-04-15,3.475131237075124,,philadelphia_fed_rtdsm
2024-05-15,3.3577311967053047,2.9693880781284765,philadelphia_fed_rtdsm
2024-06-15,3.2502101428971697,,philadelphia_fed_rtdsm
2024-07-15,2.975628529981611,,philadelphia_fed_rtdsm
2024-08-15,2.923565791719729,3.119403925238684,philadelphia_fed_rtdsm
2024-09-15,2.5912269299480206,,philadelphia_fed_rtdsm
2024-10-15,2.4075134727031156,,philadelphia_fed_rtdsm
2024-11-15,2.5763256387161038,2.657050423819962,philadelphia_fed_rtdsm
2024-12-15,2.732579279536651,,philadelphia_fed_rtdsm
2025-01-15,2.8965932720523835,,philadelphia_fed_rtdsm
2025-02-15,2.999412512831112,2.4838201092306056,philadelphia_fed_rtdsm
2025-03-15,2.8142703731568686,,philadelphia_fed_rtdsm
2025-04-15,2.4055852640280317,,philadelphia_fed_rtdsm
2025-05-15,2.3337465177498906,2.0500140976424275,philadelphia_fed_rtdsm
2025-06-15,2.3759340869898393,,philadelphia_fed_rtdsm
2025-07-15,2.6726833178446263,,philadelphia_fed_rtdsm
2025-08-15,2.7318012794754543,1.9867464121013256,philadelphia_fed_rtdsm
2025-09-15,2.9392196249335534,,philadelphia_fed_rtdsm
2025-10-15,3.022699626172387,,philadelphia_fed_rtdsm
2025-12-15,3.0000253514342434,,philadelphia_fed_rtdsm
2026-01-15,3.0276600652869634,2.3272256437777417,philadelphia_fed_rtdsm
2026-02-15,2.8286797395498997,,philadelphia_fed_rtdsm
2026-03-15,2.6645890876940914,2.227121446590208,philadelphia_fed_rtdsm
2026-04-15,3.3202055812236786,,philadelphia_fed_rtdsm
2026-05-15,3.9470269087042764,2.6596512684621265,philadelphia_fed_rtdsm
2026-06-15,4.270032656680245,,philadelphia_fed_rtdsm
2026-07-15,3.7265298484186804,,philadelphia_fed_rtdsm
2026-08-15,3.5397514271936714,2.1017205839047426,philadelphia_fed_rtdsm
